"DIVISION_NO","DIVISION_NAME","DEPARTMENT_NO","DEPARTMENT_NAME","SECT_NO","SECT_NAME","PLANT_NO","PLANT_NAME","PLANT_TYPE","PROVINCE_NAME"
"90000140",RMC Metro,"00014300",Metro 1,"00014264",Prod.พระราม 4,"13AL",คาราบาว,CPAC,กรุงเทพมหานคร
"90000140",RMC Metro,"00014302",Metro 3,"00014432",Prod.สุวรรณภูมิ,"13AX",บางปลา 3,CPAC,สมุทรปราการ
"90000142",RMC East,"00020164",East 2,"00020178",ผลิตฉะเชิงเทรา,"13B1",บางนา กม.36/2,CPAC,ฉะเชิงเทรา
"90000140",RMC Metro,"00014302",Metro 3,"00014432",Prod.สุวรรณภูมิ,"13B3",เปรง,CPAC,ฉะเชิงเทรา
"90000140",RMC Metro,"00014302",Metro 3,"00014431",Prod.บางนา,"13B6",แพรกษา 2,CPAC,สมุทรปราการ
"90000140",RMC Metro,"00014301",Metro 2,"00014404",Prod.รามอินทรา,"13BJ",สายไหม 2,CPAC,ปทุมธานี
"90000140",RMC Metro,"00014300",Metro 1,"00014271",Prod.พระราม 9,"13BL",ทับช้าง,CPAC,กรุงเทพมหานคร
"90000140",RMC Metro,"00014300",Metro 1,"00014264",Prod.พระราม 4,"13FW",พระราม 4/5,CPAC,กรุงเทพมหานคร
"90000140",RMC Metro,"00014300",Metro 1,"00014264",Prod.พระราม 4,"13FY",บ่อนไก่ 3,CPAC,กรุงเทพมหานคร
"90000140",RMC Metro,"00014302",Metro 3,"00014431",Prod.บางนา,"13IB",บางปู ( TG),X,สมุทรปราการ
"90000140",RMC Metro,"00014302",Metro 3,"00014431",Prod.บางนา,"13JF",Forestias 5 (TG),X,สมุทรปราการ
"90000140",RMC Metro,"00014302",Metro 3,"00014432",Prod.สุวรรณภูมิ,"13JJ",บางนา กม.35(TG),X,สมุทรปราการ
"90000140",RMC Metro,"00014300",Metro 1,"00014388",Prod.บางซื่อ,"13JM",TG เสมียนนารี,X,กรุงเทพมหานคร
"90000140",RMC Metro,"00014301",Metro 2,"00014404",Prod.รามอินทรา,"13JO",เทพรักษ์ ( TG),X,กรุงเทพมหานคร
"90000140",RMC Metro,"00014301",Metro 2,"00014404",Prod.รามอินทรา,"13JQ",บางเขน (TG),X,กรุงเทพมหานคร
"90000140",RMC Metro,"00014300",Metro 1,"00014264",Prod.พระราม 4,"13JX",พระราม 3/3 ( TG),X,กรุงเทพมหานคร
"90000142",RMC East,"00020163",East 1,"00020177",ผลิตปราจีนบุรี,"13L4",อรัญประเทศ ท่าข้าม,CPAC,สระแก้ว
"90000142",RMC East,"00023135",East 3,"00020172",ผลิตระยอง,"13L6",บ้านฉาง,CPAC,ระยอง
"90000142",RMC East,"00023135",East 3,"00020172",ผลิตระยอง,"13LJ",แกลง,CPAC,ระยอง
"90000142",RMC East,"00023135",East 3,"00020172",ผลิตระยอง,"13LM",แหลมแม่พิมพ์,CPAC,ระยอง
"90000142",RMC East,"00020163",East 1,"00020177",ผลิตปราจีนบุรี,"13LN",กบินทร์บุรี 2,CPAC,ปราจีนบุรี
"90000142",RMC East,"00020164",East 2,"00020178",ผลิตฉะเชิงเทรา,"13LO",เกตเวย์ 4,CPAC,ฉะเชิงเทรา
"90000142",RMC East,"00020164",East 2,"00020178",ผลิตฉะเชิงเทรา,"13LP",บางนา กม.36/4,CPAC,ฉะเชิงเทรา
"90000142",RMC East,"00023135",East 3,"00020171",ผลิตบ่อวิน,"13LQ",อมตะซิตี้ 3,CPAC,ชลบุรี
"90000142",RMC East,"00023135",East 3,"00020171",ผลิตบ่อวิน,"13LR",นิคมเครือฯ บปซ.3,CPAC,ระยอง
"90000142",RMC East,"00023135",East 3,"00020171",ผลิตบ่อวิน,"13LS",แม่น้ำคู้,CPAC,ระยอง
"90000142",RMC East,"00020164",East 2,"00023190",ผลิตพานทอง,"13LV",Qmix-X พานทอง,X,ชลบุรี
"90000142",RMC East,"00020163",East 1,"00020176",ผลิตสระบุรี,"13LW",ดาวเรือง X,X,สระบุรี
"90000142",RMC East,"00020163",East 1,"00020176",ผลิตสระบุรี,"13LX",High Speed 4-6 Qmix-X,X,สระบุรี
"90000142",RMC East,"00020164",East 2,"00023190",ผลิตพานทอง,"13M2",เนินโมก,CPAC,ชลบุรี
"90000142",RMC East,"00020163",East 1,"00020177",ผลิตปราจีนบุรี,"13NW",ประจันตคาม,CPAC,ปราจีนบุรี
"90000142",RMC East,"00023135",East 3,"00020172",ผลิตระยอง,"13O2",บูรพา ท่าใหม่(FC Type X),X,จันทบุรี
"90000142",RMC East,"00023135",East 3,"00020172",ผลิตระยอง,"13O3",บูรพา ท่าหลวง (FC Type X),X,จันทบุรี
"90000142",RMC East,"00020163",East 1,"00020177",ผลิตปราจีนบุรี,"13O4",วี.เอส.คอนกรีต(Type X),X,ปราจีนบุรี
"90000142",RMC East,"00020164",East 2,"00023190",ผลิตพานทอง,"13O5",ซิโนมา Type X,X,ชลบุรี
"90000142",RMC East,"00020164",East 2,"00020178",ผลิตฉะเชิงเทรา,"13O6",แปลงยาว Type X,X,ฉะเชิงเทรา
"90000142",RMC East,"00020163",East 1,"00020177",ผลิตปราจีนบุรี,"13O7",วี.เอส.คอนกรีต2 (Type X),X,ปราจีนบุรี
"90000142",RMC East,"00020164",East 2,"00023190",ผลิตพานทอง,"13OR",กัญญาวีร์ - X,X,ชลบุรี
"90000142",RMC East,"00023135",East 3,"00020172",ผลิตระยอง,"13QQ",QMix-X มาบตาพุด1 (TG),X,ระยอง
"90000142",RMC East,"00023135",East 3,"00020172",ผลิตระยอง,"13QR",QMix-X มาบตาพุด2 (TG),X,ระยอง
"90000142",RMC East,"00020163",East 1,"00020177",ผลิตปราจีนบุรี,"13QX",ศาลาลำดวน,CPAC,สระแก้ว
"90000142",RMC East,"00020164",East 2,"00020170",ผลิตศรีราชา,"13QY",Qmix-X บางละมุง,X,ชลบุรี
"90000142",RMC East,"00020163",East 1,"00020176",ผลิตสระบุรี,"13QZ",สระบุรี HSR,CPAC,สระบุรี
"90000143",RMC West,"00014547",West 1,"00014670",Prod.อยุธยา,"13T2",โรจนะ 2,CPAC,พระนครศรีอยุธยา
"90000143",RMC West,"00014547",West 1,"00014670",Prod.อยุธยา,"13UE",บางปะอิน 2,CPAC,พระนครศรีอยุธยา
"90000143",RMC West,"00014548",West 2,"00014615",Prod.เพชรบุรี,"13UI",บายพาสวังมะนาว,CPAC,เพชรบุรี
"90000143",RMC West,"00014547",West 1,"00014670",Prod.อยุธยา,"13YQ",CO1 โรจนะ  (ปิดชั่วคราว),N,พระนครศรีอยุธยา
"90000145",RMC Northeast,"00014248",Northeast 3,"00014242",Prod.สกลนคร,"14A2",บึงกาฬ,CPAC,บึงกาฬ
"90000145",RMC Northeast,"00014222",Northeast 1,"00014225",Prod.โคราช-เขาใหญ่,"14AI",ปากช่อง 1-รถไฟความเร็วสูง,CPAC,นครราชสีมา
"90000145",RMC Northeast,"00014222",Northeast 1,"00014225",Prod.โคราช-เขาใหญ่,"14AJ",ปากช่อง 2-รถไฟความเร็วสูง,CPAC,นครราชสีมา
"90000145",RMC Northeast,"00014222",Northeast 1,"00014252",Prod.โคราช-ชัยภูมิ,"14AR",รถไฟความเร็วสูงโคราช-บ้านใหม่ 1,CPAC,นครราชสีมา
"90000145",RMC Northeast,"00014222",Northeast 1,"00014252",Prod.โคราช-ชัยภูมิ,"14AS",รถไฟความเร็วสูงโคราช-บ้านใหม่ 2,CPAC,นครราชสีมา
"90000145",RMC Northeast,"00014243",Northeast 2,"00014246",Prod.อุดรธานี,"14AY",รัตนวาปี,CPAC,หนองคาย
"90000145",RMC Northeast,"00014248",Northeast 3,"00014242",Prod.สกลนคร,"14AZ",นครพนม 4,CPAC,นครพนม
"90000145",RMC Northeast,"00014243",Northeast 2,"00014283",Prod.ร้อยเอ็ด,"14B2",บรบือ,CPAC,มหาสารคาม
"90000145",RMC Northeast,"00014222",Northeast 1,"00014225",Prod.โคราช-เขาใหญ่,"14B7",ปากช่อง 3 -รถไฟความเร็วสูง,CPAC,นครราชสีมา
"90000145",RMC Northeast,"00014222",Northeast 1,"00014225",Prod.โคราช-เขาใหญ่,"14B9",รถไฟความเร็วสูง-โคราช 2,CPAC,นครราชสีมา
"90000145",RMC Northeast,"00014243",Northeast 2,"00014246",Prod.อุดรธานี,"14EI",FC น้ำพองมิตรภาพ (Type x2),X,ขอนแก่น
"90000145",RMC Northeast,"00014243",Northeast 2,"00014246",Prod.อุดรธานี,"14H3",FC วังสะพุง (Type X2),X,เลย
"90000145",RMC Northeast,"00014243",Northeast 2,"00014246",Prod.อุดรธานี,"14H4",FC อุดร-สามพร้าว (Type N),N,อุดรธานี
"90000145",RMC Northeast,"00014243",Northeast 2,"00014246",Prod.อุดรธานี,"14H5",FC อุดร-มิตรภาพ คูย่งฮวด Type N,N,อุดรธานี
"90000145",RMC Northeast,"00014248",Northeast 3,"00014242",Prod.สกลนคร,"14H7",FC นครพนม 5 (Type N),N,นครพนม
"90000145",RMC Northeast,"00014243",Northeast 2,"00014246",Prod.อุดรธานี,"14H8",FC ร้อยเอ็ด3 Type N,N,ร้อยเอ็ด
"90000145",RMC Northeast,"00014243",Northeast 2,"00014246",Prod.อุดรธานี,"14IU",FC พล (Type X2),X,ขอนแก่น
"90000145",RMC Northeast,"00014222",Northeast 1,"00014252",Prod.โคราช-ชัยภูมิ,"14J2",โคราชบ้านโพธิ์ (OEM/X2),X,นครราชสีมา
"90000145",RMC Northeast,"00014222",Northeast 1,"00014225",Prod.โคราช-เขาใหญ่,"14ฺB7",ปากช่อง 3 -รถไฟความเร็วสูง,CPAC,นครราชสีมา
"90000141",RMC South,"90000565",South 2,"00009976",Prod.สุราษฏร์ธานี,"15AQ",FC กาญจนดิษฐ์ (Type X),X,สุราษฎร์ธานี
"90000141",RMC South,"90000566",South 1,"00010080",Prod.นครศรีธรรมราช,"15BB",นครศรีฯ-พัทธนันท์,CPAC,นครศรีธรรมราช
"90000141",RMC South,"90000565",South 2,"00010049",Prod.ภูเก็ต,"15BF",เชิงทะเล 3,CPAC,ภูเก็ต
"90000141",RMC South,"90000565",South 2,"00010049",Prod.ภูเก็ต,"15BG",สาคู 2,CPAC,ภูเก็ต
"90000141",RMC South,"90000565",South 2,"00010049",Prod.ภูเก็ต,"15BJ",กะตะ,CPAC,ภูเก็ต
"90000141",RMC South,"90000565",South 2,"00010049",Prod.ภูเก็ต,"15BL",เทพกระษัตรี ภูเก็ต,CPAC,ภูเก็ต
"90000141",RMC South,"90000566",South 1,"00010080",Prod.นครศรีธรรมราช,"15CE",ทุ่งสง 4,CPAC,นครศรีธรรมราช
"90000141",RMC South,"90000566",South 1,"00010080",Prod.นครศรีธรรมราช,"15CF",พีระมิด-นครศรีธรรมราช,CPAC,นครศรีธรรมราช
"90000141",RMC South,"90000566",South 1,"00010080",Prod.นครศรีธรรมราช,"15CP",ซีวิล-สิเกา,CPAC,ตรัง
"90000141",RMC South,"90000566",South 1,"00010080",Prod.นครศรีธรรมราช,"15CQ",พีระมิด-ปากพนัง,CPAC,นครศรีธรรมราช
"90000141",RMC South,"90000566",South 1,"00010080",Prod.นครศรีธรรมราช,"15DL",(TG) PTG ทุ่งสง-นครศรีธรรมราช,N,นครศรีธรรมราช
"90000141",RMC South,"90000566",South 1,"00010083",Prod.สงขลา,"15FC",คลองแงะ 2,CPAC,สงขลา
"90000141",RMC South,"90000566",South 1,"00010080",Prod.นครศรีธรรมราช,"15GA",นบพิตำ-ซี.ซี.จักรกล,CPAC,นครศรีธรรมราช
"90000141",RMC South,"90000566",South 1,"00010083",Prod.สงขลา,"15GC",ยะลา-พันธ์วิมล,CPAC,ยะลา
"90000141",RMC South,"90000565",South 2,"00009976",Prod.สุราษฏร์ธานี,"15HC",สุราษฎร์-พระแสง,CPAC,สุราษฎร์ธานี
"90000144",RMC North,"00014803",North 1,"00014864",Prod.เชียงใหม่1,"19A3",เชียงใหม่-สันทราย 2,CPAC,เชียงใหม่
"90000144",RMC North,"00014806",North 3,"00014991",Prod.นครสวรรค์,"19A9",นครสวรรค์-ชุมแสง 2,CPAC,นครสวรรค์
"90000144",RMC North,"00014804",North 2,"00014898",Prod.เชียงราย,"19AI",เชียงราย-นางแล 2,CPAC,เชียงราย
"90000144",RMC North,"00014806",North 3,"00014991",Prod.นครสวรรค์,"19AJ",นครสวรรค์-ช่องแค 2,CPAC,นครสวรรค์
"90000144",RMC North,"00014804",North 2,"00014898",Prod.เชียงราย,"19AK",เชียงราย-ทางหลวง 118(ตอน 1),CPAC,เชียงราย
"90000144",RMC North,"00014804",North 2,"00014899",Prod.ลำปาง,"19AP",แพร่-ร้องกวาง(FC Co-Area Type X),X,แพร่
"90000144",RMC North,"00014804",North 2,"00014898",Prod.เชียงราย,"19AR",เชียงราย-ริมกก,CPAC,เชียงราย
"90000144",RMC North,"00014806",North 3,"00014991",Prod.นครสวรรค์,"19AS",นครสวรรค์-ทางหลวง 117 (ตอน 1),CPAC,นครสวรรค์
"90000144",RMC North,"00014806",North 3,"00014991",Prod.นครสวรรค์,"19AT",นครสวรรค์-ทางหลวง 117 (ตอน 2),CPAC,นครสวรรค์
"90000144",RMC North,"00014804",North 2,"00014898",Prod.เชียงราย,"19BG",น่าน 3,CPAC,น่าน
"90000144",RMC North,"00014806",North 3,"00014988",Prod.พิษณุโลก,"19CG",อุตรดิตถ์ 2,CPAC,อุตรดิตถ์
"90000144",RMC North,"00014804",North 2,"00014899",Prod.ลำปาง,"19FC",QMix-แม่สอด(TG),X,ตาก
"90000144",RMC North,"00014804",North 2,"00014899",Prod.ลำปาง,"19FD",ลำปาง-เกาะคา(FC Co-Area Type X),X,ลำปาง
"90000144",RMC North,"00014804",North 2,"00014899",Prod.ลำปาง,"19FE",ลำปาง-แม่ทะ(ผาลาด)(FC Co-Area Type X),X,ลำปาง
"90000144",RMC North,"00014804",North 2,"00014898",Prod.เชียงราย,"19FH",OEM เชียงราย-นางแล,N,เชียงราย
"90000144",RMC North,"00014804",North 2,"00014899",Prod.ลำปาง,"19FJ",ลำปาง-ห้างฉัตร(FC Co-Area Type X),X,ลำปาง
"90000144",RMC North,"00014803",North 1,"00014919",Prod.เชียงใหม่2,"19I1",เชียงใหม่-ดอยหล่อ 2,CPAC,เชียงใหม่
"90000140",RMC Metro,"00014300",Metro 1,"00014388",Prod.บางซื่อ,"310C",รัชวิภา,CPAC,กรุงเทพมหานคร
"90000140",RMC Metro,"00014300",Metro 1,"00014388",Prod.บางซื่อ,"310L",รัชวิภา 2,CPAC,กรุงเทพมหานคร
"90000140",RMC Metro,"00014300",Metro 1,"00014264",Prod.พระราม 4,"310M",บางโคล่ 3,CPAC,กรุงเทพมหานคร
"90000140",RMC Metro,"00014300",Metro 1,"00014271",Prod.พระราม 9,"310T",พระราม 9/5,CPAC,กรุงเทพมหานคร
"90000141",RMC South,"90000565",South 2,"00009976",Prod.สุราษฏร์ธานี,"311A",ชุมพร,CPAC,ชุมพร
"90000141",RMC South,"90000565",South 2,"00009976",Prod.สุราษฏร์ธานี,"311B",สุราษฎร์ธานี,CPAC,สุราษฎร์ธานี
"90000141",RMC South,"90000565",South 2,"00009976",Prod.สุราษฏร์ธานี,"311C",พุนพิน,CPAC,สุราษฎร์ธานี
"90000141",RMC South,"90000565",South 2,"00009976",Prod.สุราษฏร์ธานี,"311D",สมุย,CPAC,สุราษฎร์ธานี
"90000141",RMC South,"90000565",South 2,"00009976",Prod.สุราษฏร์ธานี,"311N",ศรีวิชัย,CPAC,สุราษฎร์ธานี
"90000141",RMC South,"90000565",South 2,"00009976",Prod.สุราษฏร์ธานี,"311P",ท่ากูบ,CPAC,สุราษฎร์ธานี
"90000141",RMC South,"90000565",South 2,"00009976",Prod.สุราษฏร์ธานี,"311R",สุราษฎร์-เซาท์เทิร์น,CPAC,สุราษฎร์ธานี
"90000141",RMC South,"90000565",South 2,"00009976",Prod.สุราษฏร์ธานี,"311S",สุราษฎร์-บางใหญ่,CPAC,สุราษฎร์ธานี
"90000141",RMC South,"90000565",South 2,"00009976",Prod.สุราษฏร์ธานี,"311T",หลังสวน,CPAC,ชุมพร
"90000141",RMC South,"90000565",South 2,"00010049",Prod.ภูเก็ต,"312A",ภูเก็ต,CPAC,ภูเก็ต
"90000141",RMC South,"90000565",South 2,"00010049",Prod.ภูเก็ต,"312C",โคกกลอย,CPAC,พังงา
"90000141",RMC South,"90000566",South 1,"00010080",Prod.นครศรีธรรมราช,"312G",กระบี่,CPAC,กระบี่
"90000141",RMC South,"90000565",South 2,"00010049",Prod.ภูเก็ต,"312I",ภูเก็ต 2,CPAC,ภูเก็ต
"90000141",RMC South,"90000565",South 2,"00010049",Prod.ภูเก็ต,"312J",สาคู,CPAC,ภูเก็ต
"90000141",RMC South,"90000565",South 2,"00010049",Prod.ภูเก็ต,"312K",กะทู้,CPAC,ภูเก็ต
"90000141",RMC South,"90000565",South 2,"00010049",Prod.ภูเก็ต,"312L",เชิงทะเล,CPAC,ภูเก็ต
"90000141",RMC South,"90000566",South 1,"00010080",Prod.นครศรีธรรมราช,"312M",อ่าวลึก,CPAC,กระบี่
"90000141",RMC South,"90000565",South 2,"00010049",Prod.ภูเก็ต,"312Q",แหลมพันวา,CPAC,ภูเก็ต
"90000141",RMC South,"90000565",South 2,"00010049",Prod.ภูเก็ต,"312S",ฉลอง,CPAC,ภูเก็ต
"90000141",RMC South,"90000565",South 2,"00010049",Prod.ภูเก็ต,"312T",บางโจ,CPAC,ภูเก็ต
"90000141",RMC South,"90000565",South 2,"00010049",Prod.ภูเก็ต,"312U",เชิงทะเล 2,CPAC,ภูเก็ต
"90000141",RMC South,"90000566",South 1,"00010080",Prod.นครศรีธรรมราช,"313A",ทุ่งสง,CPAC,นครศรีธรรมราช
"90000141",RMC South,"90000566",South 1,"00010080",Prod.นครศรีธรรมราช,"313B",นครศรีธรรมราช,CPAC,นครศรีธรรมราช
"90000141",RMC South,"90000566",South 1,"00010080",Prod.นครศรีธรรมราช,"313C",นครศรีธรรมราช 2,CPAC,นครศรีธรรมราช
"90000141",RMC South,"90000566",South 1,"00010080",Prod.นครศรีธรรมราช,"313E",ตรัง,CPAC,ตรัง
"90000141",RMC South,"90000566",South 1,"00010083",Prod.สงขลา,"313H",พัทลุง,CPAC,พัทลุง
"90000141",RMC South,"90000566",South 1,"00010083",Prod.สงขลา,"313I",ควนขนุน,CPAC,พัทลุง
"90000141",RMC South,"90000566",South 1,"00010080",Prod.นครศรีธรรมราช,"313M",ศรีตรัง 2,CPAC,ตรัง
"90000141",RMC South,"90000566",South 1,"00010080",Prod.นครศรีธรรมราช,"313N",ท่าศาลา 2,CPAC,นครศรีธรรมราช
"90000145",RMC Northeast,"00014222",Northeast 1,"00014225",Prod.โคราช-เขาใหญ่,"3141",เขาใหญ่,CPAC,นครราชสีมา
"90000145",RMC Northeast,"00014222",Northeast 1,"00014252",Prod.โคราช-ชัยภูมิ,"3144",ชัยภูมิ 2,CPAC,ชัยภูมิ
"90000145",RMC Northeast,"00014248",Northeast 3,"00014276",Prod.อุบลราชธานี,"3145",สว่างวีระวงศ์,CPAC,อุบลราชธานี
"90000145",RMC Northeast,"00014248",Northeast 3,"00014276",Prod.อุบลราชธานี,"3146",เดชอุดม 2,CPAC,อุบลราชธานี
"90000145",RMC Northeast,"00014243",Northeast 2,"00014282",Prod.ขอนแก่น,"3147",ขอนแก่น-พรหมนิมิต,CPAC,ขอนแก่น
"90000145",RMC Northeast,"00014222",Northeast 1,"00014225",Prod.โคราช-เขาใหญ่,"3148",สูงเนิน 3,CPAC,นครราชสีมา
"90000145",RMC Northeast,"00014243",Northeast 2,"00014283",Prod.ร้อยเอ็ด,"3149",โกสุมพิสัย,CPAC,มหาสารคาม
"90000141",RMC South,"90000566",South 1,"00010083",Prod.สงขลา,"314A",สงขลา,CPAC,สงขลา
"90000141",RMC South,"90000566",South 1,"00010083",Prod.สงขลา,"314B",หาดใหญ่ 2,CPAC,สงขลา
"90000141",RMC South,"90000566",South 1,"00010083",Prod.สงขลา,"314O",ปุณณกัณฑ์,CPAC,สงขลา
"90000141",RMC South,"90000566",South 1,"00010083",Prod.สงขลา,"314R",สงขลา-ขุนทอง,CPAC,สงขลา
"90000141",RMC South,"90000566",South 1,"00010083",Prod.สงขลา,"314S",รัตภูมิ 2,CPAC,สงขลา
"90000141",RMC South,"90000566",South 1,"00010080",Prod.นครศรีธรรมราช,"314U",กระบี่น้อย,CPAC,กระบี่
"90000141",RMC South,"90000566",South 1,"00010083",Prod.สงขลา,"314V",หาดใหญ่ 4,CPAC,สงขลา
"90000141",RMC South,"90000565",South 2,"00009976",Prod.สุราษฏร์ธานี,"3164",FC ปากน้ำชุมพร (Type X ),X,ชุมพร
"90000141",RMC South,"90000565",South 2,"00009976",Prod.สุราษฏร์ธานี,"3165",FC ผาหลวงคอนกรีต,N,สุราษฎร์ธานี
"90000141",RMC South,"90000565",South 2,"00009976",Prod.สุราษฏร์ธานี,"3166",FC ผาหลวงคอนกรีต 2,N,สุราษฎร์ธานี
"90000141",RMC South,"90000565",South 2,"00009976",Prod.สุราษฏร์ธานี,"3168",FC หนองขรี,N,สุราษฎร์ธานี
"00011544",SMART Structure,"00011545",Operation,"00000727",Production,"319A",ลาดกระบัง,CPAC,กรุงเทพมหานคร
"00011544",SMART Structure,"00011545",Operation,"00000727",Production,"319B",หนองแค,CPAC,สระบุรี
"90000144",RMC North,"00014803",North 1,"00014919",Prod.เชียงใหม่2,"319C",พื้นเชียงใหม่,CPAC,เชียงใหม่
"90000140",RMC Metro,"00014301",Metro 2,"00014403",Prod.รังสิต,"31AC",คลอง 7,CPAC,ปทุมธานี
"90000140",RMC Metro,"00014301",Metro 2,"00014506",Prod.บางบัวทอง,"31AD",สามโคก,CPAC,ปทุมธานี
"90000140",RMC Metro,"00014301",Metro 2,"00014403",Prod.รังสิต,"31AE",เชียงรากใหญ่,CPAC,ปทุมธานี
"90000140",RMC Metro,"00014301",Metro 2,"00014506",Prod.บางบัวทอง,"31AG",รัตนาธิเบศร์,CPAC,นนทบุรี
"90000140",RMC Metro,"00014300",Metro 1,"00014388",Prod.บางซื่อ,"31AI",บางซ่อน,CPAC,กรุงเทพมหานคร
"90000140",RMC Metro,"00014301",Metro 2,"00014506",Prod.บางบัวทอง,"31AJ",ปากเกร็ด,CPAC,นนทบุรี
"90000140",RMC Metro,"00014300",Metro 1,"00014271",Prod.พระราม 9,"31AO",พระราม 9/3 (  แจ้งซ่อม OH เพื่อขาย ),CPAC,กรุงเทพมหานคร
"90000140",RMC Metro,"00014300",Metro 1,"00014388",Prod.บางซื่อ,"31AP",ตลิ่งชัน,CPAC,กรุงเทพมหานคร
"90000140",RMC Metro,"00014302",Metro 3,"00014371",Prod.พระราม 2,"31AQ",บางขุนเทียน 2,CPAC,กรุงเทพมหานคร
"90000140",RMC Metro,"00014302",Metro 3,"00014371",Prod.พระราม 2,"31AR",บางแค,CPAC,กรุงเทพมหานคร
"90000140",RMC Metro,"00014302",Metro 3,"00014371",Prod.พระราม 2,"31AS",บางปลากด 3,CPAC,สมุทรปราการ
"90000140",RMC Metro,"00014302",Metro 3,"00014371",Prod.พระราม 2,"31AT",บางมด,CPAC,กรุงเทพมหานคร
"90000140",RMC Metro,"00014302",Metro 3,"00014371",Prod.พระราม 2,"31AU",ราษฎร์บูรณะ 2,CPAC,กรุงเทพมหานคร
"90000140",RMC Metro,"00014302",Metro 3,"00014371",Prod.พระราม 2,"31AW",เอกชัย,CPAC,กรุงเทพมหานคร
"90000140",RMC Metro,"00014301",Metro 2,"00014403",Prod.รังสิต,"31AY",คลอง 9,CPAC,ปทุมธานี
"90000140",RMC Metro,"00014302",Metro 3,"00014431",Prod.บางนา,"31B1",พระประแดง,CPAC,สมุทรปราการ
"90000140",RMC Metro,"00014301",Metro 2,"00014404",Prod.รามอินทรา,"31B2",มีนบุรี,CPAC,กรุงเทพมหานคร
"90000140",RMC Metro,"00014300",Metro 1,"00014388",Prod.บางซื่อ,"31B9",พระราม 5,CPAC,นนทบุรี
"90000140",RMC Metro,"00014300",Metro 1,"00014264",Prod.พระราม 4,"31BA",บ่อนไก่,CPAC,กรุงเทพมหานคร
"90000140",RMC Metro,"00014300",Metro 1,"00014271",Prod.พระราม 9,"31BB",บางจาก,CPAC,กรุงเทพมหานคร
"90000140",RMC Metro,"00014300",Metro 1,"00014271",Prod.พระราม 9,"31BE",คลองตัน 2,CPAC,กรุงเทพมหานคร
"90000140",RMC Metro,"00014300",Metro 1,"00014271",Prod.พระราม 9,"31BG",พระราม 9/2,CPAC,กรุงเทพมหานคร
"90000140",RMC Metro,"00014301",Metro 2,"00014403",Prod.รังสิต,"31BJ",ดอนเมือง,CPAC,กรุงเทพมหานคร
"90000140",RMC Metro,"00014301",Metro 2,"00014404",Prod.รามอินทรา,"31BK",รามอินทรา 2,CPAC,กรุงเทพมหานคร
"90000140",RMC Metro,"00014301",Metro 2,"00014404",Prod.รามอินทรา,"31BL",ลาดปลาเค้า,CPAC,กรุงเทพมหานคร
"90000140",RMC Metro,"00014301",Metro 2,"00014404",Prod.รามอินทรา,"31BM",ฉลองกรุง,CPAC,กรุงเทพมหานคร
"90000140",RMC Metro,"00014301",Metro 2,"00014404",Prod.รามอินทรา,"31BN",หนองจอก,CPAC,กรุงเทพมหานคร
"90000140",RMC Metro,"00014302",Metro 3,"00014431",Prod.บางนา,"31BP",บางนา กม.4,CPAC,กรุงเทพมหานคร
"90000140",RMC Metro,"00014302",Metro 3,"00014431",Prod.บางนา,"31BQ",บางปู,CPAC,สมุทรปราการ
"90000140",RMC Metro,"00014302",Metro 3,"00014432",Prod.สุวรรณภูมิ,"31BR",บางพลี 2,CPAC,สมุทรปราการ
"90000140",RMC Metro,"00014302",Metro 3,"00014432",Prod.สุวรรณภูมิ,"31BU",บางบ่อ,CPAC,สมุทรปราการ
"90000140",RMC Metro,"00014302",Metro 3,"00014431",Prod.บางนา,"31BW",ปากน้ำ,CPAC,สมุทรปราการ
"90000140",RMC Metro,"00014301",Metro 2,"00014403",Prod.รังสิต,"31C2",คลอง 1,CPAC,ปทุมธานี
"90000140",RMC Metro,"00014302",Metro 3,"00014371",Prod.พระราม 2,"31CC",สะแกงาม 2,CPAC,กรุงเทพมหานคร
"90000140",RMC Metro,"00014302",Metro 3,"00014371",Prod.พระราม 2,"31CE",สุขสวัสดิ์,CPAC,สมุทรปราการ
"90000140",RMC Metro,"00014301",Metro 2,"00014506",Prod.บางบัวทอง,"31CG",บางบัวทอง,CPAC,นนทบุรี
"90000140",RMC Metro,"00014300",Metro 1,"00014264",Prod.พระราม 4,"31CL",บางโคล่,CPAC,กรุงเทพมหานคร
"90000140",RMC Metro,"00014302",Metro 3,"00014431",Prod.บางนา,"31CQ",แพรกษา,CPAC,สมุทรปราการ
"90000140",RMC Metro,"00014301",Metro 2,"00014403",Prod.รังสิต,"31CT",รังสิต,CPAC,ปทุมธานี
"90000140",RMC Metro,"00014301",Metro 2,"00014403",Prod.รังสิต,"31D4",ปทุมธานี 2,CPAC,ปทุมธานี
"90000140",RMC Metro,"00014301",Metro 2,"00014404",Prod.รามอินทรา,"31DM",สายไหม,CPAC,ปทุมธานี
"90000140",RMC Metro,"00014301",Metro 2,"00014506",Prod.บางบัวทอง,"31DT",แคราย 2,CPAC,นนทบุรี
"90000140",RMC Metro,"00014302",Metro 3,"00014371",Prod.พระราม 2,"31DU",ท่าพระ,CPAC,กรุงเทพมหานคร
"90000140",RMC Metro,"00014302",Metro 3,"00014432",Prod.สุวรรณภูมิ,"31EC",FC คลองด่าน,N,สมุทรปราการ
"90000140",RMC Metro,"00014302",Metro 3,"00014432",Prod.สุวรรณภูมิ,"31ED",FC หลวงแพ่ง,N,สมุทรปราการ
"90000140",RMC Metro,"00014301",Metro 2,"00014506",Prod.บางบัวทอง,"31EF",FC นพวงศ์,N,ปทุมธานี
"90000140",RMC Metro,"00014300",Metro 1,"00014388",Prod.บางซื่อ,"31EM",บางซ่อน 3,CPAC,กรุงเทพมหานคร
"90000140",RMC Metro,"00014302",Metro 3,"00014432",Prod.สุวรรณภูมิ,"31EN",กิ่งแก้ว,CPAC,สมุทรปราการ
"90000140",RMC Metro,"00014301",Metro 2,"00014506",Prod.บางบัวทอง,"31EO",ลาดหลุมแก้ว,CPAC,ปทุมธานี
"90000140",RMC Metro,"00014301",Metro 2,"00014506",Prod.บางบัวทอง,"31EP",ไทรน้อย,CPAC,นนทบุรี
"90000140",RMC Metro,"00014301",Metro 2,"00014403",Prod.รังสิต,"31ES",คลองหลวง,CPAC,ปทุมธานี
"90000140",RMC Metro,"00014302",Metro 3,"00014432",Prod.สุวรรณภูมิ,"31ET",ร่มเกล้า,CPAC,กรุงเทพมหานคร
"90000140",RMC Metro,"00014300",Metro 1,"00014271",Prod.พระราม 9,"31EV",บางจาก 2,CPAC,กรุงเทพมหานคร
"90000140",RMC Metro,"00014301",Metro 2,"00014506",Prod.บางบัวทอง,"31EZ",ชัยพฤกษ์,CPAC,นนทบุรี
"90000142",RMC East,"00020163",East 1,"00020177",ผลิตปราจีนบุรี,"31FA",สระแก้ว,CPAC,สระแก้ว
"90000142",RMC East,"00020163",East 1,"00020177",ผลิตปราจีนบุรี,"31FE",กบินทร์บุรี,CPAC,ปราจีนบุรี
"90000142",RMC East,"00020163",East 1,"00020176",ผลิตสระบุรี,"31FI",แก่งคอย,CPAC,สระบุรี
"90000142",RMC East,"00020163",East 1,"00020176",ผลิตสระบุรี,"31FJ",หนองแค 2,CPAC,สระบุรี
"90000142",RMC East,"00020163",East 1,"00020176",ผลิตสระบุรี,"31FK",ลพบุรี,CPAC,ลพบุรี
"90000142",RMC East,"00020163",East 1,"00020176",ผลิตสระบุรี,"31FM",เขาวง 4,CPAC,สระบุรี
"90000142",RMC East,"00020163",East 1,"00020177",ผลิตปราจีนบุรี,"31FR",อรัญประเทศ,CPAC,สระแก้ว
"90000142",RMC East,"00020163",East 1,"00020177",ผลิตปราจีนบุรี,"31FS",ศรีมหาโพธิ,CPAC,ปราจีนบุรี
"90000142",RMC East,"00020163",East 1,"00020177",ผลิตปราจีนบุรี,"31FT",ปราจีนบุรี 2,CPAC,ปราจีนบุรี
"90000142",RMC East,"00020163",East 1,"00020176",ผลิตสระบุรี,"31FW",หนองแค-ระพีพัฒน์,CPAC,สระบุรี
"90000142",RMC East,"00020163",East 1,"00020176",ผลิตสระบุรี,"31FX",องครักษ์ 2,CPAC,นครนายก
"90000142",RMC East,"00023135",East 3,"00020171",ผลิตบ่อวิน,"31G2",นิคมเหมราช-บ่อวิน,CPAC,ชลบุรี
"90000142",RMC East,"00020164",East 2,"00020170",ผลิตศรีราชา,"31G3",ศรีราชา M1,CPAC,ชลบุรี
"90000142",RMC East,"00020163",East 1,"00020177",ผลิตปราจีนบุรี,"31G4",ศรีมหาโพธิ 3,CPAC,ปราจีนบุรี
"90000142",RMC East,"00020164",East 2,"00020170",ผลิตศรีราชา,"31G7",แหลมฉบัง-ทุ่งกราด 1,CPAC,ชลบุรี
"90000142",RMC East,"00020164",East 2,"00020178",ผลิตฉะเชิงเทรา,"31GA",ฉะเชิงเทรา 2,CPAC,ฉะเชิงเทรา
"90000142",RMC East,"00020164",East 2,"00020178",ผลิตฉะเชิงเทรา,"31GC",เกตเวย์ 1,CPAC,ฉะเชิงเทรา
"90000142",RMC East,"00020164",East 2,"00020178",ผลิตฉะเชิงเทรา,"31GD",บางวัว,CPAC,ฉะเชิงเทรา
"90000142",RMC East,"00020164",East 2,"00020170",ผลิตศรีราชา,"31GE",พัทยา,CPAC,ชลบุรี
"90000142",RMC East,"00020164",East 2,"00023190",ผลิตพานทอง,"31GF",พานทอง 1,CPAC,ชลบุรี
"90000142",RMC East,"00020164",East 2,"00020170",ผลิตศรีราชา,"31GG",ศรีราชา 2,CPAC,ชลบุรี
"90000142",RMC East,"00020164",East 2,"00020170",ผลิตศรีราชา,"31GH",แหลมฉบัง 1,CPAC,ชลบุรี
"90000142",RMC East,"00020164",East 2,"00023190",ผลิตพานทอง,"31GI",ชลบุรีคีรีนคร,CPAC,ชลบุรี
"90000142",RMC East,"00020164",East 2,"00020170",ผลิตศรีราชา,"31GJ",จอมเทียน 1,CPAC,ชลบุรี
"90000142",RMC East,"00020164",East 2,"00023190",ผลิตพานทอง,"31GM",อมตะนคร,CPAC,ชลบุรี
"90000142",RMC East,"00020164",East 2,"00020178",ผลิตฉะเชิงเทรา,"31GN",บ้านโพธิ์,CPAC,ฉะเชิงเทรา
"90000142",RMC East,"00020164",East 2,"00020170",ผลิตศรีราชา,"31GO",จอมเทียน 2,CPAC,ชลบุรี
"90000142",RMC East,"00020164",East 2,"00023190",ผลิตพานทอง,"31GQ",พานทอง 4,CPAC,ชลบุรี
"90000142",RMC East,"00020164",East 2,"00020170",ผลิตศรีราชา,"31GY",แหลมฉบัง-ทุ่งกราด 2,CPAC,ชลบุรี
"90000142",RMC East,"00023135",East 3,"00020172",ผลิตระยอง,"31HA",มาบตาพุด 3,CPAC,ระยอง
"90000142",RMC East,"00023135",East 3,"00020172",ผลิตระยอง,"31HC",จันทบุรี,CPAC,จันทบุรี
"90000142",RMC East,"00023135",East 3,"00020172",ผลิตระยอง,"31HH",ระยอง,CPAC,ระยอง
"90000142",RMC East,"00023135",East 3,"00020172",ผลิตระยอง,"31HM",มาบตาพุด 4,CPAC,ระยอง
"90000142",RMC East,"00023135",East 3,"00020172",ผลิตระยอง,"31HR",มาบตาพุด 6,CPAC,ระยอง
"90000142",RMC East,"00023135",East 3,"00020171",ผลิตบ่อวิน,"31HS",นิคมเหมราช,CPAC,ชลบุรี
"90000142",RMC East,"00023135",East 3,"00020171",ผลิตบ่อวิน,"31HU",นิคมอมตะซิตี้,CPAC,ชลบุรี
"90000142",RMC East,"00023135",East 3,"00020171",ผลิตบ่อวิน,"31HV",นิคมเครือซิเมนต์ไทย 2,CPAC,ระยอง
"90000142",RMC East,"00023135",East 3,"00020171",ผลิตบ่อวิน,"31HW",นิคมปิ่นทอง,CPAC,ชลบุรี
"90000142",RMC East,"00020164",East 2,"00023190",ผลิตพานทอง,"31IH",บางแสน 1(FC Type X),X,ชลบุรี
"90000142",RMC East,"00020163",East 1,"00020176",ผลิตสระบุรี,"31IM",พรหมณี,CPAC,นครนายก
"90000142",RMC East,"00020163",East 1,"00020177",ผลิตปราจีนบุรี,"31IN",ปราจีนบุรี-รอบเมือง,CPAC,ปราจีนบุรี
"90000143",RMC West,"00014547",West 1,"00014669",Prod.อ่างทอง,"31K3",ไชโย,CPAC,อ่างทอง
"90000143",RMC West,"00014547",West 1,"00014670",Prod.อยุธยา,"31K4",ภาชี 3  (ปิดชั่วคราว),CPAC,พระนครศรีอยุธยา
"90000143",RMC West,"00014548",West 2,"00014615",Prod.เพชรบุรี,"31K9",ปากท่อ,CPAC,ราชบุรี
"90000143",RMC West,"00014547",West 1,"00014669",Prod.อ่างทอง,"31KA",สิงห์บุรี,CPAC,สิงห์บุรี
"90000143",RMC West,"00014547",West 1,"00014670",Prod.อยุธยา,"31KD",โรจนะ,CPAC,พระนครศรีอยุธยา
"90000143",RMC West,"00014547",West 1,"00014669",Prod.อ่างทอง,"31KG",เสนา,CPAC,พระนครศรีอยุธยา
"90000143",RMC West,"00014547",West 1,"00014669",Prod.อ่างทอง,"31KJ",ชัยนาท,CPAC,ชัยนาท
"90000143",RMC West,"00014547",West 1,"00014669",Prod.อ่างทอง,"31KK",อ่างทอง,CPAC,อ่างทอง
"90000143",RMC West,"00014547",West 1,"00014669",Prod.อ่างทอง,"31KO",สุพรรณบุรี 2,CPAC,สุพรรณบุรี
"90000143",RMC West,"00014547",West 1,"00014670",Prod.อยุธยา,"31KQ",วังน้อย,CPAC,พระนครศรีอยุธยา
"90000143",RMC West,"00014547",West 1,"00014670",Prod.อยุธยา,"31KR",โรจนะ-อุทัย,CPAC,พระนครศรีอยุธยา
"90000143",RMC West,"00014547",West 1,"00014670",Prod.อยุธยา,"31KS",สหรัตนนคร,CPAC,พระนครศรีอยุธยา
"90000143",RMC West,"00014547",West 1,"00014669",Prod.อ่างทอง,"31KU",ลาดบัวหลวง 2,CPAC,พระนครศรีอยุธยา
"90000143",RMC West,"00014547",West 1,"00014669",Prod.อ่างทอง,"31KY",มโนรมย์ 2,CPAC,ชัยนาท
"90000143",RMC West,"00014547",West 1,"00014669",Prod.อ่างทอง,"31KZ",ป่าโมก,CPAC,พระนครศรีอยุธยา
"90000145",RMC Northeast,"00014222",Northeast 1,"00014277",Prod.บุรีรัมย์,"31L9",นางรอง 2,CPAC,บุรีรัมย์
"90000143",RMC West,"00014548",West 2,"00014615",Prod.เพชรบุรี,"31LC",โพธาราม,CPAC,ราชบุรี
"90000143",RMC West,"00014548",West 2,"00014641",Prod.นครปฐม,"31LF",พุทธมณฑลสาย 7,CPAC,นครปฐม
"90000143",RMC West,"00014548",West 2,"00014641",Prod.นครปฐม,"31LG",บ้านโป่ง,CPAC,ราชบุรี
"90000143",RMC West,"00014548",West 2,"00014641",Prod.นครปฐม,"31LL",นครปฐม 2,CPAC,นครปฐม
"90000143",RMC West,"00014548",West 2,"00014641",Prod.นครปฐม,"31LM",โรงงานบางเลน (บางภาษี),CPAC,นครปฐม
"90000143",RMC West,"00014548",West 2,"00014641",Prod.นครปฐม,"31LN",ศาลายา 2,CPAC,นครปฐม
"90000143",RMC West,"00014548",West 2,"00014641",Prod.นครปฐม,"31LP",กำแพงแสน 2,CPAC,นครปฐม
"90000143",RMC West,"00014548",West 2,"00014641",Prod.นครปฐม,"31LU",ดอนตูม,CPAC,นครปฐม
"90000143",RMC West,"00014548",West 2,"00014641",Prod.นครปฐม,"31LV",พระประโทน,CPAC,นครปฐม
"90000145",RMC Northeast,"00014222",Northeast 1,"00014251",Prod.โคราช-หัวทะเล,"31M1",ปักธงชัย 2,CPAC,นครราชสีมา
"90000143",RMC West,"00014548",West 2,"00014648",Prod.สมุทรสาคร,"31MA",อ้อมน้อย,CPAC,สมุทรสาคร
"90000143",RMC West,"00014548",West 2,"00014648",Prod.สมุทรสาคร,"31MB",สมุทรสาคร,CPAC,สมุทรสาคร
"90000143",RMC West,"00014548",West 2,"00014615",Prod.เพชรบุรี,"31MC",เขาย้อย,CPAC,เพชรบุรี
"90000143",RMC West,"00014548",West 2,"00014648",Prod.สมุทรสาคร,"31ME",คลังสมุทรสาคร,CPAC,สมุทรสาคร
"90000143",RMC West,"00014548",West 2,"00014615",Prod.เพชรบุรี,"31MF",เพชรบุรี,CPAC,เพชรบุรี
"90000143",RMC West,"00014548",West 2,"00014648",Prod.สมุทรสาคร,"31MG",สมุทรสงคราม,CPAC,สมุทรสงคราม
"90000143",RMC West,"00014548",West 2,"00014648",Prod.สมุทรสาคร,"31MH",โคกขาม,CPAC,สมุทรสาคร
"90000143",RMC West,"00014548",West 2,"00014615",Prod.เพชรบุรี,"31MI",ชะอำ 2 (ปิดชั่วคราว),CPAC,เพชรบุรี
"90000143",RMC West,"00014548",West 2,"00014615",Prod.เพชรบุรี,"31ML",ชะอำ 3,CPAC,เพชรบุรี
"90000143",RMC West,"00014548",West 2,"00014648",Prod.สมุทรสาคร,"31MO",โคกขาม 2,CPAC,สมุทรสาคร
"90000143",RMC West,"00014548",West 2,"00014615",Prod.เพชรบุรี,"31MR",เขาวังราชบุรี,CPAC,ราชบุรี
"90000143",RMC West,"00014548",West 2,"00014615",Prod.เพชรบุรี,"31MV",ปราณบุรี,CPAC,ประจวบคีรีขันธ์
"90000143",RMC West,"00014548",West 2,"00014648",Prod.สมุทรสาคร,"31MW",กาหลง,CPAC,สมุทรสาคร
"90000143",RMC West,"00014548",West 2,"00014648",Prod.สมุทรสาคร,"31MX",บ้านแพ้ว 2,CPAC,สมุทรสาคร
"90000143",RMC West,"00014548",West 2,"00014615",Prod.เพชรบุรี,"31MY",หัวหิน 2,CPAC,ประจวบคีรีขันธ์
"90000143",RMC West,"00014548",West 2,"00014648",Prod.สมุทรสาคร,"31MZ",กระทุ่มแบน,CPAC,สมุทรสาคร
"90000140",RMC Metro,"00014300",Metro 1,"00014388",Prod.บางซื่อ,"31N3",บางซ่อน 4,CPAC,กรุงเทพมหานคร
"90000140",RMC Metro,"00014302",Metro 3,"00014371",Prod.พระราม 2,"31N6",ราษฎร์บูรณะ 4,CPAC,กรุงเทพมหานคร
"90000140",RMC Metro,"00014300",Metro 1,"00014264",Prod.พระราม 4,"31N8",พระราม 4/3,CPAC,กรุงเทพมหานคร
"90000140",RMC Metro,"00014300",Metro 1,"00014264",Prod.พระราม 4,"31N9",พระราม 4/2,CPAC,กรุงเทพมหานคร
"90000140",RMC Metro,"00014301",Metro 2,"00014403",Prod.รังสิต,"31NG",นวนคร 4,CPAC,ปทุมธานี
"90000140",RMC Metro,"00014302",Metro 3,"00014371",Prod.พระราม 2,"31NN",กัลปพฤกษ์,CPAC,กรุงเทพมหานคร
"90000140",RMC Metro,"00014300",Metro 1,"00014388",Prod.บางซื่อ,"31NQ",ตลิ่งชัน 3,CPAC,กรุงเทพมหานคร
"90000140",RMC Metro,"00014302",Metro 3,"00014432",Prod.สุวรรณภูมิ,"31NR",บางนา กม.23,CPAC,สมุทรปราการ
"90000140",RMC Metro,"00014300",Metro 1,"00014388",Prod.บางซื่อ,"31NS",มหาสวัสดิ์ 2,CPAC,นนทบุรี
"90000140",RMC Metro,"00014301",Metro 2,"00014404",Prod.รามอินทรา,"31NU",หลักสี่,CPAC,กรุงเทพมหานคร
"90000140",RMC Metro,"00014300",Metro 1,"00014388",Prod.บางซื่อ,"31NV",บางศรีเมือง,CPAC,นนทบุรี
"90000140",RMC Metro,"00014301",Metro 2,"00014404",Prod.รามอินทรา,"31NZ",นวมินทร์ 2,CPAC,กรุงเทพมหานคร
"90000145",RMC Northeast,"00014222",Northeast 1,"00014225",Prod.โคราช-เขาใหญ่,"31O5",สีคิ้ว 2,CPAC,นครราชสีมา
"90000145",RMC Northeast,"00014243",Northeast 2,"00014246",Prod.อุดรธานี,"31P2",FC อุดรธานี (Type N),N,อุดรธานี
"90000145",RMC Northeast,"00014243",Northeast 2,"00014282",Prod.ขอนแก่น,"31P4",บ้านไผ่ 2,CPAC,ขอนแก่น
"90000145",RMC Northeast,"00014222",Northeast 1,"00014225",Prod.โคราช-เขาใหญ่,"31PA",โคราช,CPAC,นครราชสีมา
"90000145",RMC Northeast,"00014222",Northeast 1,"00014252",Prod.โคราช-ชัยภูมิ,"31PB",โคราช-บ้านโพธิ์,CPAC,นครราชสีมา
"90000145",RMC Northeast,"00014222",Northeast 1,"00014251",Prod.โคราช-หัวทะเล,"31PD",โคราช-หัวทะเล 2,CPAC,นครราชสีมา
"90000145",RMC Northeast,"00014222",Northeast 1,"00014277",Prod.บุรีรัมย์,"31PI",บุรีรัมย์,CPAC,บุรีรัมย์
"90000145",RMC Northeast,"00014222",Northeast 1,"00014277",Prod.บุรีรัมย์,"31PY",บุรีรัมย์ 2,CPAC,บุรีรัมย์
"90000145",RMC Northeast,"00014248",Northeast 3,"00014242",Prod.สกลนคร,"31PZ",มุกดาหาร 3,CPAC,มุกดาหาร
"90000145",RMC Northeast,"00014243",Northeast 2,"00014282",Prod.ขอนแก่น,"31QA",ขอนแก่น,CPAC,ขอนแก่น
"90000145",RMC Northeast,"00014243",Northeast 2,"00014282",Prod.ขอนแก่น,"31QB",ขอนแก่น-มะลิวัลย์,CPAC,ขอนแก่น
"90000145",RMC Northeast,"00014243",Northeast 2,"00014282",Prod.ขอนแก่น,"31QC",ขอนแก่น-บ้านสำราญ,CPAC,ขอนแก่น
"90000145",RMC Northeast,"00014243",Northeast 2,"00014283",Prod.ร้อยเอ็ด,"31QE",มหาสารคาม,CPAC,มหาสารคาม
"90000145",RMC Northeast,"00014243",Northeast 2,"00014282",Prod.ขอนแก่น,"31QF",อุดร-โพศรี,CPAC,อุดรธานี
"90000145",RMC Northeast,"00014243",Northeast 2,"00014282",Prod.ขอนแก่น,"31QP",กุมภวาปี,CPAC,อุดรธานี
"90000145",RMC Northeast,"00014243",Northeast 2,"00014283",Prod.ร้อยเอ็ด,"31QQ",มหาสารคาม 2,CPAC,มหาสารคาม
"90000145",RMC Northeast,"00014243",Northeast 2,"00014282",Prod.ขอนแก่น,"31QR",น้ำพอง-ฟินิคซ,CPAC,ขอนแก่น
"90000145",RMC Northeast,"00014243",Northeast 2,"00014283",Prod.ร้อยเอ็ด,"31QV",มหาสารคาม 3,CPAC,มหาสารคาม
"90000145",RMC Northeast,"00014243",Northeast 2,"00014283",Prod.ร้อยเอ็ด,"31QW",กุฉินารายณ์ 2,CPAC,กาฬสินธุ์
"90000145",RMC Northeast,"00014248",Northeast 3,"00014276",Prod.อุบลราชธานี,"31RA",อุบล-วาริน,CPAC,อุบลราชธานี
"90000145",RMC Northeast,"00014248",Northeast 3,"00014276",Prod.อุบลราชธานี,"31RB",อุบล-ไร่น้อย,CPAC,อุบลราชธานี
"90000145",RMC Northeast,"00014248",Northeast 3,"00014276",Prod.อุบลราชธานี,"31RC",อุบล-หนองขอน,CPAC,อุบลราชธานี
"90000145",RMC Northeast,"00014248",Northeast 3,"00014242",Prod.สกลนคร,"31RH",สกลนคร,CPAC,สกลนคร
"90000145",RMC Northeast,"00014243",Northeast 2,"00014283",Prod.ร้อยเอ็ด,"31RJ",ร้อยเอ็ด,CPAC,ร้อยเอ็ด
"90000145",RMC Northeast,"00014248",Northeast 3,"00014242",Prod.สกลนคร,"31RL",มุกดาหาร 2,CPAC,มุกดาหาร
"90000145",RMC Northeast,"00014222",Northeast 1,"00014277",Prod.บุรีรัมย์,"31RU",หนองกี่,CPAC,บุรีรัมย์
"90000145",RMC Northeast,"00014222",Northeast 1,"00014277",Prod.บุรีรัมย์,"31RV",สตึก,CPAC,บุรีรัมย์
"90000145",RMC Northeast,"00014222",Northeast 1,"00014277",Prod.บุรีรัมย์,"31RW",กระสัง,CPAC,บุรีรัมย์
"90000144",RMC North,"00014803",North 1,"00014864",Prod.เชียงใหม่1,"31U1",เชียงใหม่-แม่โจ้ 2,CPAC,เชียงใหม่
"90000144",RMC North,"00014804",North 2,"00014899",Prod.ลำปาง,"31U3",ลำปาง-แจ้ห่ม,CPAC,ลำปาง
"90000144",RMC North,"00014806",North 3,"00014988",Prod.พิษณุโลก,"31U4",พิษณุโลก-แสงดาว,CPAC,พิษณุโลก
"90000144",RMC North,"00014804",North 2,"00014899",Prod.ลำปาง,"31U7",แพร่-เด่นชัย,CPAC,แพร่
"90000144",RMC North,"00014803",North 1,"00014919",Prod.เชียงใหม่2,"31U9",ลำพูน-ป่าซาง,CPAC,ลำพูน
"90000144",RMC North,"00014803",North 1,"00014864",Prod.เชียงใหม่1,"31UA",เชียงใหม่ 2,CPAC,เชียงใหม่
"90000144",RMC North,"00014803",North 1,"00014864",Prod.เชียงใหม่1,"31UB",เชียงใหม่-หางดง,CPAC,เชียงใหม่
"90000144",RMC North,"00014803",North 1,"00014919",Prod.เชียงใหม่2,"31UC",ลำพูน,CPAC,ลำพูน
"90000144",RMC North,"00014803",North 1,"00014864",Prod.เชียงใหม่1,"31UD",เชียงใหม่-แม่โจ้,CPAC,เชียงใหม่
"90000144",RMC North,"00014804",North 2,"00014898",Prod.เชียงราย,"31UG",พะเยา,CPAC,พะเยา
"90000144",RMC North,"00014804",North 2,"00014898",Prod.เชียงราย,"31UI",เชียงราย,CPAC,เชียงราย
"90000144",RMC North,"00014803",North 1,"00014864",Prod.เชียงใหม่1,"31UN",แม่ริม-แม่แตง,CPAC,เชียงใหม่
"90000144",RMC North,"00014803",North 1,"00014919",Prod.เชียงใหม่2,"31UO",เชียงใหม่-สันกำแพง,CPAC,เชียงใหม่
"90000144",RMC North,"00014803",North 1,"00014864",Prod.เชียงใหม่1,"31UR",เชียงใหม่-สันปูเลย,CPAC,เชียงใหม่
"90000144",RMC North,"00014803",North 1,"00014919",Prod.เชียงใหม่2,"31UY",ลำพูน-นิคมสหพัฒน์,CPAC,ลำพูน
"90000145",RMC Northeast,"00014222",Northeast 1,"00014252",Prod.โคราช-ชัยภูมิ,"31V1",โคราช-เลี่ยงเมือง,CPAC,นครราชสีมา
"90000145",RMC Northeast,"00014222",Northeast 1,"00014251",Prod.โคราช-หัวทะเล,"31V2",โชคชัย 3,CPAC,นครราชสีมา
"90000145",RMC Northeast,"00014222",Northeast 1,"00014251",Prod.โคราช-หัวทะเล,"31V3",ครบุรี,CPAC,นครราชสีมา
"90000145",RMC Northeast,"00014222",Northeast 1,"00014251",Prod.โคราช-หัวทะเล,"31V5",ด่านเกวียน,CPAC,นครราชสีมา
"90000145",RMC Northeast,"00014222",Northeast 1,"00014225",Prod.โคราช-เขาใหญ่,"31V6",เขาใหญ่-หนองน้ำแดง,CPAC,นครราชสีมา
"90000145",RMC Northeast,"00014243",Northeast 2,"00014282",Prod.ขอนแก่น,"31V7",เมืองเลย,CPAC,เลย
"90000144",RMC North,"00014806",North 3,"00014988",Prod.พิษณุโลก,"31VA",พิษณุโลก,CPAC,พิษณุโลก
"90000144",RMC North,"00014804",North 2,"00014899",Prod.ลำปาง,"31VB",ลำปาง,CPAC,ลำปาง
"90000144",RMC North,"00014806",North 3,"00014988",Prod.พิษณุโลก,"31VE",อุตรดิตถ์,CPAC,อุตรดิตถ์
"90000144",RMC North,"00014806",North 3,"00014988",Prod.พิษณุโลก,"31VM",วัดโบสถ์,CPAC,พิษณุโลก
"90000144",RMC North,"00014806",North 3,"00014988",Prod.พิษณุโลก,"31VP",ศรีสัชนาลัย-ดงคู่,CPAC,สุโขทัย
"90000144",RMC North,"00014806",North 3,"00014988",Prod.พิษณุโลก,"31VQ",สวรรคโลก-บ่อแปดร้อย,CPAC,สุโขทัย
"90000144",RMC North,"00014806",North 3,"00014988",Prod.พิษณุโลก,"31VR",สุโขทัย 3,CPAC,สุโขทัย
"90000144",RMC North,"00014806",North 3,"00014988",Prod.พิษณุโลก,"31VV",พิษณุโลก-ม.นเรศวร,CPAC,พิษณุโลก
"90000144",RMC North,"00014804",North 2,"00014898",Prod.เชียงราย,"31VW",เชียงราย-เวียงชัย,CPAC,เชียงราย
"90000144",RMC North,"00014806",North 3,"00014988",Prod.พิษณุโลก,"31VY",พิษณุโลก-วังทอง,CPAC,พิษณุโลก
"90000144",RMC North,"00014806",North 3,"00014991",Prod.นครสวรรค์,"31WA",นครสวรรค์,CPAC,นครสวรรค์
"90000144",RMC North,"00014806",North 3,"00014991",Prod.นครสวรรค์,"31WC",อุทัยธานี,CPAC,อุทัยธานี
"90000144",RMC North,"00014806",North 3,"00014991",Prod.นครสวรรค์,"31WD",นครสวรรค์-หนองกรด,CPAC,นครสวรรค์
"90000144",RMC North,"00014806",North 3,"00014991",Prod.นครสวรรค์,"31WE",กำแพงเพชร,CPAC,กำแพงเพชร
"90000144",RMC North,"00014804",North 2,"00014899",Prod.ลำปาง,"31WF",ตาก,CPAC,ตาก
"90000144",RMC North,"00014806",North 3,"00014991",Prod.นครสวรรค์,"31WG",พิจิตร,CPAC,พิจิตร
"90000144",RMC North,"00014806",North 3,"00014991",Prod.นครสวรรค์,"31WI",พยุหะคีรี,CPAC,นครสวรรค์
"90000144",RMC North,"00014806",North 3,"00014991",Prod.นครสวรรค์,"31WJ",นครสวรรค์-บึงบอระเพ็ด,CPAC,นครสวรรค์
"90000144",RMC North,"00014803",North 1,"00014864",Prod.เชียงใหม่1,"31WV",เชียงใหม่-สันผีเสื้อ,CPAC,เชียงใหม่
"90000144",RMC North,"00014806",North 3,"00014991",Prod.นครสวรรค์,"31WZ",นครสวรรค์-สามแยกเลี่ยงเมือง,CPAC,นครสวรรค์
"90000141",RMC South,"90000565",South 2,"00009976",Prod.สุราษฏร์ธานี,FC000,Test FC-Plant(Name-T),S,ตรัง
"90000145",RMC Northeast,"00014243",Northeast 2,"00000007",FC. เลย,FC001,FCชุมแพ,S,ขอนแก่น
"90000145",RMC Northeast,"00014248",Northeast 3,"00000005",FC. อำนาจเจริญ,FC002,FC กันทรลักษ์,S,ศรีสะเกษ
"90000141",RMC South,"90000566",South 1,"00010080",Prod.นครศรีธรรมราช,FC006,ขนอม,S,นครศรีธรรมราช
"90000144",RMC North,"00014803",North 1,"00014849",CPAC Franchise เชียงใหม่,FC007,ฮอด,S,เชียงใหม่
"90000143",RMC West,"00014548",West 2,"00014615",Prod.เพชรบุรี,FC009,ประจวบคีรีขันธ์,S,ประจวบคีรีขันธ์
"90000142",RMC East,"00020163",East 1,"90002871",แฟรนไชส์ภาคตะวันออก 1,FC013,ลำนารายณ์,S,ลพบุรี
"90000145",RMC Northeast,"00014243",Northeast 2,"00000008",FC. ขอนแก่น,FC014,FC แก้งคร้อ,S,ชัยภูมิ
"90000142",RMC East,"00020163",East 1,"90002871",แฟรนไชส์ภาคตะวันออก 1,FC015,บ้านหมี่,S,ลพบุรี
"90000142",RMC East,"00023135",East 3,"00002407",แฟรนไชส์ภาคตะวันออก 3,FC017,สอยดาว,S,จันทบุรี
"90000145",RMC Northeast,"00014248",Northeast 3,"00000003",FC. สกลนคร,FC022,FC สว่างแดนดิน,S,สกลนคร
"90000144",RMC North,"00014806",North 3,"00014990",CPAC Franchise นครสวรรค์,FC023,คลองขลุง,S,กำแพงเพชร
"90000144",RMC North,"00014806",North 3,"00000012",CPAC Franchise เพชรบูรณ์,FC025,ศรีเทพ,S,เพชรบูรณ์
"90000141",RMC South,"90000566",South 1,"00010080",Prod.นครศรีธรรมราช,FC027,ระโนด,S,สงขลา
"90000141",RMC South,"90000566",South 1,"00010083",Prod.สงขลา,FC028,เกาะลันตาใหญ่,S,กระบี่
"90000141",RMC South,"90000565",South 2,"00009976",Prod.สุราษฏร์ธานี,FC029,ไชยา,S,สุราษฎร์ธานี
"90000145",RMC Northeast,"00014222",Northeast 1,"00000002",FC. นครราชสีมา,FC031,FC สีคิ้ว,S,นครราชสีมา
"90000143",RMC West,"00014548",West 2,"00014615",Prod.เพชรบุรี,FC035,บางสะพาน,S,ประจวบคีรีขันธ์
"90000144",RMC North,"00014806",North 3,"00000012",CPAC Franchise เพชรบูรณ์,FC036,เพชรบูรณ์,S,เพชรบูรณ์
"90000141",RMC South,"90000565",South 2,"00009976",Prod.สุราษฏร์ธานี,FC040,เชี่ยวหลาน,S,สุราษฎร์ธานี
"90000145",RMC Northeast,"00014248",Northeast 3,"00000005",FC. อำนาจเจริญ,FC041,FC ศรีสะเกษ,S,ศรีสะเกษ
"90000142",RMC East,"00023135",East 3,"00002407",แฟรนไชส์ภาคตะวันออก 3,FC043,เกาะช้าง,S,ตราด
"90000144",RMC North,"00014806",North 3,"00014990",CPAC Franchise นครสวรรค์,FC045,ขาณุวรลักษบุรี,S,กำแพงเพชร
"90000142",RMC East,"00020163",East 1,"90002871",แฟรนไชส์ภาคตะวันออก 1,FC046,วังม่วง,S,สระบุรี
"90000144",RMC North,"00014804",North 2,"00014900",CPAC Franchise เชียงราย,FC048,แม่สาย,S,เชียงราย
"90000144",RMC North,"00014804",North 2,"00014900",CPAC Franchise เชียงราย,FC049,แม่จัน,S,เชียงราย
"90000145",RMC Northeast,"00014222",Northeast 1,"00000002",FC. นครราชสีมา,FC050,FC พิมาย 2,S,นครราชสีมา
"90000144",RMC North,"00014806",North 3,"00000012",CPAC Franchise เพชรบูรณ์,FC051,หล่มสัก,S,เพชรบูรณ์
"90000144",RMC North,"00014806",North 3,"00000012",CPAC Franchise เพชรบูรณ์,FC053,หนองไผ่,S,เพชรบูรณ์
"90000142",RMC East,"00020163",East 1,"90002871",แฟรนไชส์ภาคตะวันออก 1,FC056,พนมสารคาม,S,ฉะเชิงเทรา
"90000144",RMC North,"00014804",North 2,"00000011",CPAC Franchise ลำปาง,FC057,ปัว,S,น่าน
"90000141",RMC South,"90000566",South 1,"00010080",Prod.นครศรีธรรมราช,FC058,หัวไทร,S,นครศรีธรรมราช
"90000143",RMC West,"00014547",West 1,"00014669",Prod.อ่างทอง,FC062,ด่านช้าง,S,สุพรรณบุรี
"90000145",RMC Northeast,"00014222",Northeast 1,"00000002",FC. นครราชสีมา,FC063,FC ปากช่อง 2,S,นครราชสีมา
"90000142",RMC East,"00020163",East 1,"90002871",แฟรนไชส์ภาคตะวันออก 1,FC065,บ้านนา,S,นครนายก
"90000144",RMC North,"00014806",North 3,"00014990",CPAC Franchise นครสวรรค์,FC067,ท่าตะโก,S,นครสวรรค์
"90000142",RMC East,"00023135",East 3,"00002407",แฟรนไชส์ภาคตะวันออก 3,FC068,บ้านอำเภอ,S,ชลบุรี
"90000143",RMC West,"00014548",West 2,"00014641",Prod.นครปฐม,FC069,จอมบึง,S,ราชบุรี
"90000143",RMC West,"00014548",West 2,"00014641",Prod.นครปฐม,FC070,ท่ามะกา,S,กาญจนบุรี
"90000142",RMC East,"00023135",East 3,"00002407",แฟรนไชส์ภาคตะวันออก 3,FC071,ปลวกแดง,S,ระยอง
"90000141",RMC South,"90000566",South 1,"00010083",Prod.สงขลา,FC072,สิงหนคร,S,สงขลา
"90000145",RMC Northeast,"00014248",Northeast 3,"00000006",FC.สุรินทร์,FC081,FC ปราสาท,S,สุรินทร์
"90000141",RMC South,"90000566",South 1,"00010083",Prod.สงขลา,FC082,สตูล,S,สตูล
"90000142",RMC East,"00020164",East 2,"90002877",แฟรนไชส์ภาคตะวันออก 2,FC088,บางน้ำเปรี้ยว,S,ฉะเชิงเทรา
"90000145",RMC Northeast,"00014243",Northeast 2,"00000007",FC. เลย,FC089,FC ท่าบ่อ,S,หนองคาย
"90000145",RMC Northeast,"00014248",Northeast 3,"00000006",FC.สุรินทร์,FC090,FC สุรินทร์,S,สุรินทร์
"90000143",RMC West,"00014547",West 1,"00014669",Prod.อ่างทอง,FC092,อู่ทอง,S,สุพรรณบุรี
"90000144",RMC North,"00014806",North 3,"00014964",CPAC Franchise พิษณุโลก,FC094,บางระกำ,S,พิษณุโลก
"90000142",RMC East,"00020163",East 1,"90002871",แฟรนไชส์ภาคตะวันออก 1,FC095,มวกเหล็ก,S,สระบุรี
"90000141",RMC South,"90000565",South 2,"00010049",Prod.ภูเก็ต,FC098,ทับปุด,S,พังงา
"90000144",RMC North,"00014806",North 3,"00000012",CPAC Franchise เพชรบูรณ์,FC101,โพทะเล,S,พิจิตร
"90000142",RMC East,"00023135",East 3,"00002407",แฟรนไชส์ภาคตะวันออก 3,FC105,นิคมพัฒนา,S,ระยอง
"90000142",RMC East,"00020163",East 1,"90002871",แฟรนไชส์ภาคตะวันออก 1,FC111,ดาวเรือง,S,สระบุรี
"90000145",RMC Northeast,"00014248",Northeast 3,"00000006",FC.สุรินทร์,FC113,FC ท่าตูม,S,สุรินทร์
"90000145",RMC Northeast,"00014222",Northeast 1,"00000002",FC. นครราชสีมา,FC114,FC สีดา,S,นครราชสีมา
"90000141",RMC South,"90000565",South 2,"00009976",Prod.สุราษฏร์ธานี,FC115,เกาะพงัน,S,สุราษฎร์ธานี
"90000142",RMC East,"00023135",East 3,"00002407",แฟรนไชส์ภาคตะวันออก 3,FC117,บ้านอำเภอ2,S,ชลบุรี
"90000144",RMC North,"00014806",North 3,"00014990",CPAC Franchise นครสวรรค์,FC118,บ้านไร่,S,อุทัยธานี
"90000144",RMC North,"00014806",North 3,"00014990",CPAC Franchise นครสวรรค์,FC121,คลองลาน,S,กำแพงเพชร
"90000141",RMC South,"90000566",South 1,"00010083",Prod.สงขลา,FC127,ปัตตานี,S,ปัตตานี
"90000141",RMC South,"90000565",South 2,"00009976",Prod.สุราษฏร์ธานี,FC129,ทุ่งใหญ่,S,นครศรีธรรมราช
"90000144",RMC North,"00014806",North 3,"00000012",CPAC Franchise เพชรบูรณ์,FC130,วชิรบารมี,S,พิจิตร
"90000145",RMC Northeast,"00014248",Northeast 3,"00000005",FC. อำนาจเจริญ,FC136,FC อำนาจเจริญ,S,อำนาจเจริญ
"90000143",RMC West,"00014548",West 2,"00014615",Prod.เพชรบุรี,FC137,ห้วยมงคล,S,ประจวบคีรีขันธ์
"90000143",RMC West,"00014547",West 1,"00014670",Prod.อยุธยา,FC138,หันตรา,S,พระนครศรีอยุธยา
"90000140",RMC Metro,"00014301",Metro 2,"00014403",Prod.รังสิต,FC139,คลอง 11,S,ปทุมธานี
"90000145",RMC Northeast,"00014243",Northeast 2,"00000004",FC. อุดรธานี,FC141,FCกาฬสินธุ์,S,กาฬสินธุ์
"90000143",RMC West,"00014547",West 1,"00014669",Prod.อ่างทอง,FC142,บางปลาม้า,S,สุพรรณบุรี
"90000145",RMC Northeast,"00014248",Northeast 3,"00000003",FC. สกลนคร,FC143,FC ธาตุพนม,S,นครพนม
"90000145",RMC Northeast,"00014222",Northeast 1,"00000002",FC. นครราชสีมา,FC144,FC ชุมพวง,S,นครราชสีมา
"90000144",RMC North,"00014803",North 1,"00014849",CPAC Franchise เชียงใหม่,FC146,ฝาง 2,S,เชียงใหม่
"90000145",RMC Northeast,"00014248",Northeast 3,"00000006",FC.สุรินทร์,FC147,FC ลำปลายมาศ,S,บุรีรัมย์
"90000144",RMC North,"00014806",North 3,"00014964",CPAC Franchise พิษณุโลก,FC148,พรานกระต่าย,S,กำแพงเพชร
"90000144",RMC North,"00014806",North 3,"00000012",CPAC Franchise เพชรบูรณ์,FC153,ทับคล้อ,S,พิจิตร
"90000144",RMC North,"00014806",North 3,"00000012",CPAC Franchise เพชรบูรณ์,FC154,ตะพานหิน,S,พิจิตร
"90000145",RMC Northeast,"00014243",Northeast 2,"00000008",FC. ขอนแก่น,FC156,FC มัญจาคีรี,S,ขอนแก่น
"90000145",RMC Northeast,"00014222",Northeast 1,"00000002",FC. นครราชสีมา,FC157,FC จักราช,S,นครราชสีมา
"90000143",RMC West,"00014548",West 2,"00014615",Prod.เพชรบุรี,FC158,แก่งกระจาน,S,เพชรบุรี
"90000145",RMC Northeast,"00014222",Northeast 1,"00000002",FC. นครราชสีมา,FC160,FC ปากช่อง 3,S,นครราชสีมา
"90000141",RMC South,"90000566",South 1,"00010083",Prod.สงขลา,FC162,สุไหงโกลก,S,นราธิวาส
"90000144",RMC North,"00014806",North 3,"00000012",CPAC Franchise เพชรบูรณ์,FC165,วิเชียรบุรี,S,เพชรบูรณ์
"90000141",RMC South,"90000566",South 1,"00010083",Prod.สงขลา,FC166,บ่อทอง (จ.ปัตตานี),S,ปัตตานี
"90000144",RMC North,"00014806",North 3,"00014964",CPAC Franchise พิษณุโลก,FC167,พิชัย,S,อุตรดิตถ์
"90000142",RMC East,"00023135",East 3,"00002407",แฟรนไชส์ภาคตะวันออก 3,FC169,มาบประชัน,S,ชลบุรี
"90000144",RMC North,"00014804",North 2,"00000011",CPAC Franchise ลำปาง,FC172,งาว,S,ลำปาง
"90000144",RMC North,"00014804",North 2,"00014900",CPAC Franchise เชียงราย,FC174,เชียงของ,S,เชียงราย
"90000142",RMC East,"00020163",East 1,"90002871",แฟรนไชส์ภาคตะวันออก 1,FC175,พัฒนานิคม,S,ลพบุรี
"90000143",RMC West,"00014547",West 1,"00014669",Prod.อ่างทอง,FC176,บางตะเคียน,S,สุพรรณบุรี
"90000144",RMC North,"00014806",North 3,"00014990",CPAC Franchise นครสวรรค์,FC178,บ้านไร่ 2,S,อุทัยธานี
"90000145",RMC Northeast,"00014243",Northeast 2,"00000008",FC. ขอนแก่น,FC179,FC บำเหน็จณรงค์,S,ชัยภูมิ
"90000145",RMC Northeast,"00014248",Northeast 3,"00000005",FC. อำนาจเจริญ,FC181,FC อำนาจเจริญ 2,S,อำนาจเจริญ
"90000144",RMC North,"00014806",North 3,"00014964",CPAC Franchise พิษณุโลก,FC187,นครไทย,S,พิษณุโลก
"90000145",RMC Northeast,"00014248",Northeast 3,"00000005",FC. อำนาจเจริญ,FC188,FC เลิงนกทา,S,ยโสธร
"90000145",RMC Northeast,"00014248",Northeast 3,"00000005",FC. อำนาจเจริญ,FC189,FC ตระการพืชผล,S,อุบลราชธานี
"90000145",RMC Northeast,"00014248",Northeast 3,"00000003",FC. สกลนคร,FC192,FC วานรนิวาส,S,สกลนคร
"90000145",RMC Northeast,"00014243",Northeast 2,"00000004",FC. อุดรธานี,FC193,FCสมเด็จ,S,กาฬสินธุ์
"90000144",RMC North,"00014804",North 2,"00014900",CPAC Franchise เชียงราย,FC194,พาน,S,เชียงราย
"90000144",RMC North,"00014804",North 2,"00014900",CPAC Franchise เชียงราย,FC195,เวียงป่าเป้า,S,เชียงราย
"90000143",RMC West,"00014547",West 1,"00014669",Prod.อ่างทอง,FC197,สรรคบุรี,S,ชัยนาท
"90000141",RMC South,"90000566",South 1,"00010083",Prod.สงขลา,FC199,นราธิวาส 2,S,นราธิวาส
"90000143",RMC West,"00014547",West 1,"00014669",Prod.อ่างทอง,FC201,ศรีประจันต์,S,สุพรรณบุรี
"90000144",RMC North,"00014804",North 2,"00014900",CPAC Franchise เชียงราย,FC204,เชียงแสน,S,เชียงราย
"90000144",RMC North,"00014803",North 1,"00014849",CPAC Franchise เชียงใหม่,FC205,แม่สะเรียง,S,แม่ฮ่องสอน
"90000144",RMC North,"00014806",North 3,"00014964",CPAC Franchise พิษณุโลก,FC207,กงไกรลาศ,S,สุโขทัย
"90000144",RMC North,"00014806",North 3,"00014964",CPAC Franchise พิษณุโลก,FC208,พรหมพิราม,S,พิษณุโลก
"90000142",RMC East,"00020163",East 1,"90002871",แฟรนไชส์ภาคตะวันออก 1,FC209,บ้านหมอ,S,สระบุรี
"90000141",RMC South,"90000566",South 1,"00010083",Prod.สงขลา,FC210,ละงู,S,สตูล
"90000141",RMC South,"90000566",South 1,"00010080",Prod.นครศรีธรรมราช,FC212,หัวไทร 2,S,นครศรีธรรมราช
"90000141",RMC South,"90000566",South 1,"00010080",Prod.นครศรีธรรมราช,FC213,สิชล,S,นครศรีธรรมราช
"90000143",RMC West,"00014547",West 1,"00014669",Prod.อ่างทอง,FC214,สระกระโจม,S,สุพรรณบุรี
"90000144",RMC North,"00014803",North 1,"00014849",CPAC Franchise เชียงใหม่,FC216,พร้าว,S,เชียงใหม่
"90000141",RMC South,"90000566",South 1,"00010080",Prod.นครศรีธรรมราช,FC218,บ่อล้อ,S,นครศรีธรรมราช
"90000144",RMC North,"00014804",North 2,"00000011",CPAC Franchise ลำปาง,FC219,เชียงคำ,S,พะเยา
"90000141",RMC South,"90000565",South 2,"00010049",Prod.ภูเก็ต,FC221,พังงา,S,พังงา
"90000145",RMC Northeast,"00014248",Northeast 3,"00000005",FC. อำนาจเจริญ,FC222,FC เขมราฐ,S,อุบลราชธานี
"90000145",RMC Northeast,"00014248",Northeast 3,"00000003",FC. สกลนคร,FC225,FC ศรีวิไล,S,บึงกาฬ
"90000145",RMC Northeast,"00014243",Northeast 2,"00000008",FC. ขอนแก่น,FC226,FCแวงใหญ่,S,ขอนแก่น
"90000141",RMC South,"90000566",South 1,"00010083",Prod.สงขลา,FC227,สะเดา,S,สงขลา
"90000142",RMC East,"00020164",East 2,"90002877",แฟรนไชส์ภาคตะวันออก 2,FC228,พนัสนิคม,S,ชลบุรี
"90000145",RMC Northeast,"00014248",Northeast 3,"00000005",FC. อำนาจเจริญ,FC231,FC โนนคูณ,S,ศรีสะเกษ
"90000145",RMC Northeast,"00014243",Northeast 2,"00000007",FC. เลย,FC232,FC บ้านผือ,S,อุดรธานี
"90000143",RMC West,"00014548",West 2,"00014615",Prod.เพชรบุรี,FC236,ทับสะแก,S,ประจวบคีรีขันธ์
"90000141",RMC South,"90000566",South 1,"00010080",Prod.นครศรีธรรมราช,FC238,ชะอวด,S,นครศรีธรรมราช
"90000144",RMC North,"00014806",North 3,"00014964",CPAC Franchise พิษณุโลก,FC240,ทรัพย์ไพรวัลย์,S,พิษณุโลก
"90000145",RMC Northeast,"00014243",Northeast 2,"00000007",FC. เลย,FC242,FC ภูเรือ,S,เลย
"90000145",RMC Northeast,"00014243",Northeast 2,"00000007",FC. เลย,FC243,FCสีชมพู,S,ขอนแก่น
"90000145",RMC Northeast,"00014248",Northeast 3,"00000006",FC.สุรินทร์,FC245,FC สุรินทร์ 2,S,สุรินทร์
"90000144",RMC North,"00014806",North 3,"00000012",CPAC Franchise เพชรบูรณ์,FC246,ชนแดน,S,เพชรบูรณ์
"90000144",RMC North,"00014804",North 2,"00014900",CPAC Franchise เชียงราย,FC247,แม่สรวย,S,เชียงราย
"90000143",RMC West,"00014547",West 1,"00014669",Prod.อ่างทอง,FC248,สองพี่น้อง,S,สุพรรณบุรี
"90000143",RMC West,"00014547",West 1,"00014669",Prod.อ่างทอง,FC249,ด่านช้าง 2,S,สุพรรณบุรี
"90000144",RMC North,"00014806",North 3,"00014964",CPAC Franchise พิษณุโลก,FC250,ลานกระบือ,S,กำแพงเพชร
"90000141",RMC South,"90000565",South 2,"00009976",Prod.สุราษฏร์ธานี,FC253,นาสาร,S,สุราษฎร์ธานี
"90000143",RMC West,"00014548",West 2,"00014641",Prod.นครปฐม,FC254,พนมทวน,S,กาญจนบุรี
"90000144",RMC North,"00014806",North 3,"00014990",CPAC Franchise นครสวรรค์,FC255,หนองบัว,S,นครสวรรค์
"90000142",RMC East,"00020164",East 2,"90002877",แฟรนไชส์ภาคตะวันออก 2,FC256,บ้านบึง2,S,ชลบุรี
"90000145",RMC Northeast,"00014248",Northeast 3,"00000003",FC. สกลนคร,FC258,FC บ้านแพง,S,นครพนม
"90000144",RMC North,"00014806",North 3,"00000012",CPAC Franchise เพชรบูรณ์,FC259,วังชมภู,S,เพชรบูรณ์
"90000145",RMC Northeast,"00014243",Northeast 2,"00000004",FC. อุดรธานี,FC260,FC ศรีธาตุ,S,อุดรธานี
"90000144",RMC North,"00014806",North 3,"00014990",CPAC Franchise นครสวรรค์,FC261,ลาดยาว,S,นครสวรรค์
"90000144",RMC North,"00014804",North 2,"00014900",CPAC Franchise เชียงราย,FC265,เทิง,S,เชียงราย
"90000145",RMC Northeast,"00014222",Northeast 1,"00000002",FC. นครราชสีมา,FC266,FC บัวใหญ่,S,นครราชสีมา
"90000145",RMC Northeast,"00014248",Northeast 3,"00000003",FC. สกลนคร,FC267,FC พรเจริญ,S,บึงกาฬ
"90000145",RMC Northeast,"00014248",Northeast 3,"00000005",FC. อำนาจเจริญ,FC268,FC อุทุมพรพิสัย,S,ศรีสะเกษ
"90000145",RMC Northeast,"00014248",Northeast 3,"00000005",FC. อำนาจเจริญ,FC269,FC ไพรบึง,S,ศรีสะเกษ
"90000141",RMC South,"90000565",South 2,"00010049",Prod.ภูเก็ต,FC270,ทุ่งมะพร้าว,S,พังงา
"90000142",RMC East,"00020164",East 2,"90002877",แฟรนไชส์ภาคตะวันออก 2,FC272,หนองใหญ่ 2,S,ชลบุรี
"90000142",RMC East,"00023135",East 3,"00002407",แฟรนไชส์ภาคตะวันออก 3,FC273,สัตหีบ 2,S,ชลบุรี
"90000145",RMC Northeast,"00014243",Northeast 2,"00000008",FC. ขอนแก่น,FC274,FC บ้านแท่น,S,ชัยภูมิ
"90000144",RMC North,"00014803",North 1,"00014849",CPAC Franchise เชียงใหม่,FC276,ไชยปราการ,S,เชียงใหม่
"90000144",RMC North,"00014806",North 3,"00000012",CPAC Franchise เพชรบูรณ์,FC278,เขาค้อ,S,เพชรบูรณ์
"90000144",RMC North,"00014804",North 2,"00014900",CPAC Franchise เชียงราย,FC280,ป่าแดด,S,เชียงราย
"90000141",RMC South,"90000565",South 2,"00009976",Prod.สุราษฏร์ธานี,FC282,ระนอง,S,ระนอง
"90000145",RMC Northeast,"00014243",Northeast 2,"00000008",FC. ขอนแก่น,FC283,FCหนองสองห้อง,S,ขอนแก่น
"90000142",RMC East,"00020163",East 1,"00014746",Prod.บ่อวิน,FC284,สัตหีบ 3,S,ชลบุรี
"90000145",RMC Northeast,"00014248",Northeast 3,"00000005",FC. อำนาจเจริญ,FC285,FC ปทุมราชวงศา,S,อำนาจเจริญ
"90000145",RMC Northeast,"00014243",Northeast 2,"00000007",FC. เลย,FC286,FC ภูกระดึง,S,เลย
"90000141",RMC South,"90000565",South 2,"00009976",Prod.สุราษฏร์ธานี,FC287,มาบอำมฤต,S,ชุมพร
"90000145",RMC Northeast,"00014243",Northeast 2,"00000004",FC. อุดรธานี,FC288,FC ยางตลาด,S,กาฬสินธุ์
"90000144",RMC North,"00014806",North 3,"00014990",CPAC Franchise นครสวรรค์,FC289,คลองขลุง 2,S,กำแพงเพชร
"90000145",RMC Northeast,"00014248",Northeast 3,"00000005",FC. อำนาจเจริญ,FC290,FC น้ำยืน,S,อุบลราชธานี
"90000145",RMC Northeast,"00014248",Northeast 3,"00000006",FC.สุรินทร์,FC291,FC ละหานทราย,S,บุรีรัมย์
"90000145",RMC Northeast,"00014248",Northeast 3,"00000006",FC.สุรินทร์,FC292,FCสุวรรณภูมิ,S,ร้อยเอ็ด
"90000144",RMC North,"00014806",North 3,"00014990",CPAC Franchise นครสวรรค์,FC293,บรรพตพิสัย,S,นครสวรรค์
"90000141",RMC South,"90000565",South 2,"00009976",Prod.สุราษฏร์ธานี,FC295,บางสวรรค์ 3,S,สุราษฎร์ธานี
"90000145",RMC Northeast,"00014243",Northeast 2,"00000007",FC. เลย,FC296,FC ปากชม,S,เลย
"90000144",RMC North,"00014803",North 1,"00014849",CPAC Franchise เชียงใหม่,FC297,ลี้ 2,S,ลำพูน
"90000143",RMC West,"00014547",West 1,"00014669",Prod.อ่างทอง,FC299,เนินพระปรางค์,S,สุพรรณบุรี
"90000142",RMC East,"00020164",East 2,"90002877",แฟรนไชส์ภาคตะวันออก 2,FC300,หนองไผ่แก้ว,S,ชลบุรี
"90000145",RMC Northeast,"00014248",Northeast 3,"00000005",FC. อำนาจเจริญ,FC301,FC ขุขันธ์,S,ศรีสะเกษ
"90000144",RMC North,"00014806",North 3,"00014990",CPAC Franchise นครสวรรค์,FC303,ตาคลี,S,นครสวรรค์
"90000145",RMC Northeast,"00014243",Northeast 2,"00000004",FC. อุดรธานี,FC305,FC วังสามหมอ,S,อุดรธานี
"90000144",RMC North,"00014804",North 2,"00000011",CPAC Franchise ลำปาง,FC306,แจ้ห่ม,S,ลำปาง
"90000142",RMC East,"00023135",East 3,"00002407",แฟรนไชส์ภาคตะวันออก 3,FC307,มาบประชัน 2,S,ชลบุรี
"90000142",RMC East,"00020163",East 1,"90002871",แฟรนไชส์ภาคตะวันออก 1,FC308,วังสมบูรณ์,S,สระแก้ว
"90000142",RMC East,"00020164",East 2,"90002877",แฟรนไชส์ภาคตะวันออก 2,FC309,บางน้ำเปรี้ยว 2,S,ฉะเชิงเทรา
"90000141",RMC South,"90000566",South 1,"00010080",Prod.นครศรีธรรมราช,FC310,ชะอวด 2,S,นครศรีธรรมราช
"90000145",RMC Northeast,"00014243",Northeast 2,"00000008",FC. ขอนแก่น,FC313,FCวาปีปทุม,S,มหาสารคาม
"90000145",RMC Northeast,"00014248",Northeast 3,"00000003",FC. สกลนคร,FC314,FC ท่าอุเทน,S,นครพนม
"90000145",RMC Northeast,"00014248",Northeast 3,"00000003",FC. สกลนคร,FC318,FC อากาศอำนวย,S,สกลนคร
"90000145",RMC Northeast,"00014222",Northeast 1,"00000002",FC. นครราชสีมา,FC320,FC ประทาย,S,นครราชสีมา
"90000145",RMC Northeast,"00014243",Northeast 2,"00000008",FC. ขอนแก่น,FC321,FCแวงน้อย,S,ขอนแก่น
"90000144",RMC North,"00014803",North 1,"00014849",CPAC Franchise เชียงใหม่,FC322,ฝาง-สันทราย,S,เชียงใหม่
"90000142",RMC East,"00020163",East 1,"90002871",แฟรนไชส์ภาคตะวันออก 1,FC323,ตาพระยา,S,สระแก้ว
"90000145",RMC Northeast,"00014243",Northeast 2,"00000008",FC. ขอนแก่น,FC324,FCนาเชือก,S,มหาสารคาม
"90000145",RMC Northeast,"00014243",Northeast 2,"00000004",FC. อุดรธานี,FC325,FC เพ็ญ,S,อุดรธานี
"90000145",RMC Northeast,"00014243",Northeast 2,"00000007",FC. เลย,FC326,FC หนองหิน,S,เลย
"90000145",RMC Northeast,"00014243",Northeast 2,"00000008",FC. ขอนแก่น,FC329,FCพยัคฆภูมิพิสัย,S,มหาสารคาม
"90000145",RMC Northeast,"00014248",Northeast 3,"00000003",FC. สกลนคร,FC330,FC ศรีสงคราม,S,นครพนม
"90000145",RMC Northeast,"00014243",Northeast 2,"00000004",FC. อุดรธานี,FC331,FC หนองกุงศรี,S,กาฬสินธุ์
"90000142",RMC East,"00023135",East 3,"00002407",แฟรนไชส์ภาคตะวันออก 3,FC332,วังจันทร์,S,ระยอง
"90000144",RMC North,"00014806",North 3,"00014990",CPAC Franchise นครสวรรค์,FC333,นครสวรรค์ ไบโอคอมเพล็ก,S,นครสวรรค์
"90000145",RMC Northeast,"00014248",Northeast 3,"00000003",FC. สกลนคร,FC334,FC บ้านม่วง,S,สกลนคร
"90000145",RMC Northeast,"00014248",Northeast 3,"00000006",FC.สุรินทร์,FC335,FCพนมไพร 2,S,ร้อยเอ็ด
"90000145",RMC Northeast,"00014243",Northeast 2,"00000007",FC. เลย,FC336,FC สังคม,S,หนองคาย
"90000145",RMC Northeast,"00014243",Northeast 2,"00000007",FC. เลย,FC337,FC (M) เชียงคาน,S,เลย
"90000145",RMC Northeast,"00014248",Northeast 3,"00000003",FC. สกลนคร,FC338,FC เซกา-บึงโขงหลง,S,บึงกาฬ
"90000145",RMC Northeast,"00014222",Northeast 1,"00000002",FC. นครราชสีมา,FC339,FC คง,S,นครราชสีมา
"90000145",RMC Northeast,"00014248",Northeast 3,"00000006",FC.สุรินทร์,FC344,FC ปะคำ,S,บุรีรัมย์
"90000144",RMC North,"00014806",North 3,"00014964",CPAC Franchise พิษณุโลก,FC347,ชาติตระการ(FC Type M),S,พิษณุโลก
"90000144",RMC North,"00014803",North 1,"00014849",CPAC Franchise เชียงใหม่,FC348,เชียงดาว,S,เชียงใหม่
"90000145",RMC Northeast,"00014243",Northeast 2,"00000008",FC. ขอนแก่น,FC350,FCเกษตรวิสัย,S,ร้อยเอ็ด
"90000145",RMC Northeast,"00014243",Northeast 2,"00000008",FC. ขอนแก่น,FC351,FCโพนทอง,S,ร้อยเอ็ด
"90000145",RMC Northeast,"00014222",Northeast 1,"00000002",FC. นครราชสีมา,FC354,FC ด่านขุนทด,S,นครราชสีมา
"90000141",RMC South,"90000565",South 2,"00009976",Prod.สุราษฏร์ธานี,FC356,นาสาร 2,S,สุราษฎร์ธานี
"90000144",RMC North,"00014804",North 2,"00000011",CPAC Franchise ลำปาง,FC357,ปง (FC Type M),S,พะเยา
"90000145",RMC Northeast,"00014243",Northeast 2,"00000004",FC. อุดรธานี,FC358,FC โพนพิสัย,S,หนองคาย
"90000145",RMC Northeast,"00014222",Northeast 1,"00000002",FC. นครราชสีมา,FC359,FC เสิงสาง,S,นครราชสีมา
"90000144",RMC North,"00014804",North 2,"00000011",CPAC Franchise ลำปาง,FC360,วังเหนือ,S,ลำปาง
"90000145",RMC Northeast,"00014248",Northeast 3,"00000003",FC. สกลนคร,FC361,FC โพนสวรรค์,S,นครพนม
"90000144",RMC North,"00014804",North 2,"00000011",CPAC Franchise ลำปาง,FC362,เชียงม่วน (FC Type M),S,พะเยา
"90000145",RMC Northeast,"00014243",Northeast 2,"00000007",FC. เลย,FC363,FC ศรีบุญเรือง,S,หนองบัวลำภู
"90000144",RMC North,"00014803",North 1,"00014849",CPAC Franchise เชียงใหม่,FC364,แม่แจ่ม (Type M),S,เชียงใหม่
"90000141",RMC South,"90000566",South 1,"00010080",Prod.นครศรีธรรมราช,FC366,จุฬาภรณ์,S,นครศรีธรรมราช
"90000144",RMC North,"00014803",North 1,"00014849",CPAC Franchise เชียงใหม่,FC368,แม่ฮ่องสอน (Type M),S,แม่ฮ่องสอน
"90000143",RMC West,"00014548",West 2,"00014641",Prod.นครปฐม,FC369,FC กาญจนบุรี 2,S,กาญจนบุรี
"90000145",RMC Northeast,"00014248",Northeast 3,"00000005",FC. อำนาจเจริญ,FC370,FC เสนางคนิคม,S,อำนาจเจริญ
"90000144",RMC North,"00014804",North 2,"00000011",CPAC Franchise ลำปาง,FC371,แม่ใจ (Type M),S,พะเยา
"90000144",RMC North,"00014804",North 2,"00014900",CPAC Franchise เชียงราย,FC372,พญาเม็งราย (Type M),S,เชียงราย
"90000144",RMC North,"00014806",North 3,"00014964",CPAC Franchise พิษณุโลก,FC373,เนินมะปราง (Type M),S,พิษณุโลก
"90000144",RMC North,"00014804",North 2,"00000011",CPAC Franchise ลำปาง,FC374,ลำปาง-สบปราบ,S,ลำปาง
"90000145",RMC Northeast,"00014243",Northeast 2,"00000004",FC. อุดรธานี,FC375,FC กระนวน,S,ขอนแก่น
"90000145",RMC Northeast,"00014243",Northeast 2,"00000008",FC. ขอนแก่น,FC376,FC จัตุรัส,S,ชัยภูมิ
"90000145",RMC Northeast,"00014243",Northeast 2,"00000004",FC. อุดรธานี,FC377,FC (M) กุดจับ,S,อุดรธานี
"90000145",RMC Northeast,"00014248",Northeast 3,"00000005",FC. อำนาจเจริญ,FC378,FC อำนาจเจริญ 3 -น้ำปลีก,S,อำนาจเจริญ
"90000145",RMC Northeast,"00014243",Northeast 2,"00000007",FC. เลย,FC379,FC หนองบัวลำภู,S,หนองบัวลำภู
"90000145",RMC Northeast,"00014243",Northeast 2,"00000004",FC. อุดรธานี,FC380,FC (M) สร้างคอม,S,อุดรธานี
"90000141",RMC South,"90000565",South 2,"00009976",Prod.สุราษฏร์ธานี,FC381,ทุ่งตะโก,S,ชุมพร
"90000144",RMC North,"00014806",North 3,"00014990",CPAC Franchise นครสวรรค์,FC382,หนองบัว 2,S,นครสวรรค์
"90000145",RMC Northeast,"00014248",Northeast 3,"00000006",FC.สุรินทร์,FC383,FC ศีขรภูมิ,S,สุรินทร์
"90000142",RMC East,"00023135",East 3,"00002407",แฟรนไชส์ภาคตะวันออก 3,FC384,สัตหีบ 4,S,ชลบุรี
"90000145",RMC Northeast,"00014222",Northeast 1,"00000002",FC. นครราชสีมา,FC385,FC โนนไทย (At Site),S,นครราชสีมา
"90000145",RMC Northeast,"00014248",Northeast 3,"00000003",FC. สกลนคร,FC386,FC นาหว้า,S,นครพนม
"90000145",RMC Northeast,"00014243",Northeast 2,"00000008",FC. ขอนแก่น,FC387,FC อาจสามารถ,S,ร้อยเอ็ด
"90000142",RMC East,"00020164",East 2,"90002877",แฟรนไชส์ภาคตะวันออก 2,FC388,หมอนนาง,S,ชลบุรี
"90000142",RMC East,"00020163",East 1,"90002871",แฟรนไชส์ภาคตะวันออก 1,FC389,บ้านหมอ 2,S,สระบุรี
"90000142",RMC East,"00020163",East 1,"90002871",แฟรนไชส์ภาคตะวันออก 1,FC390,โคกสำโรง,S,ลพบุรี
"90000145",RMC Northeast,"00014248",Northeast 3,"00000003",FC. สกลนคร,FC391,FC โซ่พิสัย,S,บึงกาฬ
"90000144",RMC North,"00014803",North 1,"00014849",CPAC Franchise เชียงใหม่,FC392,สะเมิง (Type M),S,เชียงใหม่
"90000144",RMC North,"00014803",North 1,"00014849",CPAC Franchise เชียงใหม่,FC393,ลี้-แม่ตืน,S,ลำพูน
"90000145",RMC Northeast,"00014222",Northeast 1,"00000002",FC. นครราชสีมา,FC394,FC โนนไทย-พระทองคำ,S,นครราชสีมา
"90000145",RMC Northeast,"00014243",Northeast 2,"00000004",FC. อุดรธานี,FC395,FC หนองคาย เลี่ยงเมือง,S,หนองคาย
"90000141",RMC South,"90000565",South 2,"00009976",Prod.สุราษฏร์ธานี,FC396,เวียงสระ,S,สุราษฎร์ธานี
"90000143",RMC West,"00014548",West 2,"00014641",Prod.นครปฐม,FC397,FC ท่าม่วง,S,กาญจนบุรี
"90000141",RMC South,"90000565",South 2,"00010049",Prod.ภูเก็ต,FC398,บางม่วง,S,พังงา
"90000142",RMC East,"00023135",East 3,"00002407",แฟรนไชส์ภาคตะวันออก 3,FC399,ตราด,S,ตราด
"90000145",RMC Northeast,"00014248",Northeast 3,"00000005",FC. อำนาจเจริญ,FC400,FC ชานุมาน,S,อำนาจเจริญ
"90000142",RMC East,"00023135",East 3,"00002407",แฟรนไชส์ภาคตะวันออก 3,FC401,บ้านค่าย 2,S,ระยอง
"90000142",RMC East,"00020164",East 2,"90002877",แฟรนไชส์ภาคตะวันออก 2,FC402,หนองใหญ่ 3,S,ชลบุรี
"90000144",RMC North,"00014804",North 2,"00000011",CPAC Franchise ลำปาง,FC403,เวียงสา 2(Type M),S,น่าน
"90000144",RMC North,"00014804",North 2,"00014900",CPAC Franchise เชียงราย,FC404,แม่สรวย 2,S,เชียงราย
"90000145",RMC Northeast,"00014248",Northeast 3,"00000003",FC. สกลนคร,FC405,FC พังโคน 2,S,สกลนคร
"90000142",RMC East,"00020164",East 2,"90002877",แฟรนไชส์ภาคตะวันออก 2,FC406,โรจนะหนองใหญ่,S,ชลบุรี
"90000145",RMC Northeast,"00014248",Northeast 3,"00000005",FC. อำนาจเจริญ,FC407,FC ยโสธร 3,S,ยโสธร
"90000144",RMC North,"00014803",North 1,"00014849",CPAC Franchise เชียงใหม่,FC408,ปาย  (Type M),S,แม่ฮ่องสอน
"90000145",RMC Northeast,"00014222",Northeast 1,"00000002",FC. นครราชสีมา,FC409,FC โนนสูง,S,นครราชสีมา
"90000142",RMC East,"00020164",East 2,"90002877",แฟรนไชส์ภาคตะวันออก 2,FC410,บ้านบึง 3,S,ชลบุรี
"90000145",RMC Northeast,"00014222",Northeast 1,"00000002",FC. นครราชสีมา,FC411,FC ห้วยบง,S,นครราชสีมา
"90000145",RMC Northeast,"00014243",Northeast 2,"00000004",FC. อุดรธานี,FC412,FC หนองหาน-ทล.2350,S,อุดรธานี
"90000141",RMC South,"90000565",South 2,"00010049",Prod.ภูเก็ต,FC413,เขาหลักโกลเด้นฮิลล์,S,พังงา
"90000141",RMC South,"90000565",South 2,"00010049",Prod.ภูเก็ต,FC414,ทับปุด 2,S,พังงา
"90000140",RMC Metro,"00014300",Metro 1,"00014271",Prod.พระราม 9,FC900,โรงงานทดสอบ Franchise Bluenet,S,กรุงเทพมหานคร
"20000142",QMix East,"00023221",QMIX EST 2 RMC BIZ PRD,"00010226",EST 2/1 RMC BIZ PRD,K014,แกลง ปิยะคอนกรีต ระยอง,QMIX,ระยอง
"20000142",QMix East,"00023221",QMIX EST 2 RMC BIZ PRD,"00010226",EST 2/1 RMC BIZ PRD,K016,แยกเจ บีเอซี คอนกรีต ชลบุรี,QMIX,ชลบุรี
"20000145",QMix Northeast,"00024214",QMIX NE 1 RMC BIZ PRD,"00010231",NE 1 RMC BIZ PRD,K017,กุดชุม จั่วเซ้งค้าไม้ ยโสธร,QMIX,ยโสธร
"20000140",QMix Bangkok,"00021211",QMIX BKK 1 RMC BIZ PRD,"00010221",BKK 1/2 RMC BIZ PRD,K400,ลาดกระบัง,QMIX,สมุทรปราการ
"20000140",QMix Bangkok,"00021211",QMIX BKK 1 RMC BIZ PRD,"00010220",BKK 1/1 RMC BIZ PRD,K401,ทับช้าง,QMIX,กรุงเทพมหานคร
"20000140",QMix Bangkok,"00021211",QMIX BKK 1 RMC BIZ PRD,"00010221",BKK 1/2 RMC BIZ PRD,K402,บางปู,QMIX,สมุทรปราการ
"20000140",QMix Bangkok,"00021211",QMIX BKK 1 RMC BIZ PRD,"00010221",BKK 1/2 RMC BIZ PRD,K404,บางปลา,QMIX,สมุทรปราการ
"20000140",QMix Bangkok,"00021211",QMIX BKK 1 RMC BIZ PRD,"00010220",BKK 1/1 RMC BIZ PRD,K406,มีนบุรี,QMIX,กรุงเทพมหานคร
"20000140",QMix Bangkok,"00021211",QMIX BKK 1 RMC BIZ PRD,"00010220",BKK 1/1 RMC BIZ PRD,K409,พระราม 9/2,QMIX,กรุงเทพมหานคร
"20000140",QMix Bangkok,"00021211",QMIX BKK 1 RMC BIZ PRD,"00010221",BKK 1/2 RMC BIZ PRD,K411,ตำหรุ,QMIX,สมุทรปราการ
"20000140",QMix Bangkok,"00021211",QMIX BKK 1 RMC BIZ PRD,"00010221",BKK 1/2 RMC BIZ PRD,K413,แพรกษา,QMIX,สมุทรปราการ
"20000140",QMix Bangkok,"00021211",QMIX BKK 1 RMC BIZ PRD,"00010221",BKK 1/2 RMC BIZ PRD,K414,บางพลี,QMIX,สมุทรปราการ
"20000140",QMix Bangkok,"00021211",QMIX BKK 1 RMC BIZ PRD,"00010220",BKK 1/1 RMC BIZ PRD,K415,สุวินทวงศ์,QMIX,กรุงเทพมหานคร
"20000140",QMix Bangkok,"00021211",QMIX BKK 1 RMC BIZ PRD,"00010220",BKK 1/1 RMC BIZ PRD,K416,รามอินทรา,QMIX,กรุงเทพมหานคร
"20000140",QMix Bangkok,"00021211",QMIX BKK 1 RMC BIZ PRD,"00010220",BKK 1/1 RMC BIZ PRD,K418,วัชรพล 2,QMIX,กรุงเทพมหานคร
"20000140",QMix Bangkok,"00021211",QMIX BKK 1 RMC BIZ PRD,"00010220",BKK 1/1 RMC BIZ PRD,K419,โรงหล่อฤทธา คลอง 12,QMIX,กรุงเทพมหานคร
"20000140",QMix Bangkok,"00021211",QMIX BKK 1 RMC BIZ PRD,"00010220",BKK 1/1 RMC BIZ PRD,K420,ออร์เจริญ ลำลูกกาคลอง 10,QMIX,กรุงเทพมหานคร
"20000140",QMix Bangkok,"00021211",QMIX BKK 1 RMC BIZ PRD,"00010220",BKK 1/1 RMC BIZ PRD,K421,ลำลูกกา พีคอนกรีต,QMIX,ปทุมธานี
"20000140",QMix Bangkok,"00021211",QMIX BKK 1 RMC BIZ PRD,"00010221",BKK 1/2 RMC BIZ PRD,K422,บางบ่อ 2,QMIX,สมุทรปราการ
"20000140",QMix Bangkok,"00021221",QMIX BKK 2 RMC BIZ PRD,"00010222",BKK 2/1 RMC BIZ PRD,K430,ดอนเมือง,QMIX,กรุงเทพมหานคร
"20000140",QMix Bangkok,"00021221",QMIX BKK 2 RMC BIZ PRD,"00010222",BKK 2/1 RMC BIZ PRD,K431,รังสิต,QMIX,ปทุมธานี
"20000140",QMix Bangkok,"00021221",QMIX BKK 2 RMC BIZ PRD,"00010222",BKK 2/1 RMC BIZ PRD,K432,บางบัวทอง,QMIX,นนทบุรี
"20000140",QMix Bangkok,"00021221",QMIX BKK 2 RMC BIZ PRD,"00010223",BKK 2/2 RMC BIZ PRD,K433,พระราม 2,QMIX,กรุงเทพมหานคร
"20000140",QMix Bangkok,"00021211",QMIX BKK 1 RMC BIZ PRD,"00010220",BKK 1/1 RMC BIZ PRD,K434,ลำลูกกา,QMIX,ปทุมธานี
"20000140",QMix Bangkok,"00021221",QMIX BKK 2 RMC BIZ PRD,"00010223",BKK 2/2 RMC BIZ PRD,K435,สมุทรสาคร,QMIX,สมุทรปราการ
"20000140",QMix Bangkok,"00021211",QMIX BKK 1 RMC BIZ PRD,"00010220",BKK 1/1 RMC BIZ PRD,K436,ลำลูกกา คลอง 7,QMIX,ปทุมธานี
"20000140",QMix Bangkok,"00021221",QMIX BKK 2 RMC BIZ PRD,"00010238",BKK 2/3 RMC BIZ PRD,K437,พุทธมณฑลสาย 3,QMIX,นครปฐม
"20000140",QMix Bangkok,"00021221",QMIX BKK 2 RMC BIZ PRD,"00010223",BKK 2/2 RMC BIZ PRD,K439,บางน้ำจืด,QMIX,สมุทรสาคร
"20000140",QMix Bangkok,"00021211",QMIX BKK 1 RMC BIZ PRD,"00010220",BKK 1/1 RMC BIZ PRD,K440,ลำลูกกา คลอง 11 (CT Sunrise),QMIX,ปทุมธานี
"20000140",QMix Bangkok,"00021221",QMIX BKK 2 RMC BIZ PRD,"00010223",BKK 2/2 RMC BIZ PRD,K441,นครชัยศรี,QMIX,นครปฐม
"20000140",QMix Bangkok,"00021221",QMIX BKK 2 RMC BIZ PRD,"00010223",BKK 2/2 RMC BIZ PRD,K442,ปากท่อ,QMIX,ราชบุรี
"20000140",QMix Bangkok,"00021211",QMIX BKK 1 RMC BIZ PRD,"00010220",BKK 1/1 RMC BIZ PRD,K445,วัชรพล,QMIX,กรุงเทพมหานคร
"20000140",QMix Bangkok,"00021221",QMIX BKK 2 RMC BIZ PRD,"00010223",BKK 2/2 RMC BIZ PRD,K448,บ้านแพ้ว,QMIX,สมุทรสาคร
"20000140",QMix Bangkok,"00021221",QMIX BKK 2 RMC BIZ PRD,"00010222",BKK 2/1 RMC BIZ PRD,K449,บางบัวทอง 2,QMIX,นนทบุรี
"20000140",QMix Bangkok,"00021221",QMIX BKK 2 RMC BIZ PRD,"00010223",BKK 2/2 RMC BIZ PRD,K450,สมุทรสาคร 2,QMIX,นนทบุรี
"20000140",QMix Bangkok,"00021221",QMIX BKK 2 RMC BIZ PRD,"00010223",BKK 2/2 RMC BIZ PRD,K457,กาหลง,QMIX,นนทบุรี
"20000142",QMix East,"00023211",QMIX EST 1 RMC BIZ PRD,"00010225",EST 1/2 RMC BIZ PRD,K460,บางละมุง,QMIX,ชลบุรี
"20000142",QMix East,"00023221",QMIX EST 2 RMC BIZ PRD,"00010226",EST 2/1 RMC BIZ PRD,K461,มาบตาพุด 1,QMIX,ระยอง
"20000142",QMix East,"00023221",QMIX EST 2 RMC BIZ PRD,"00010227",EST 2/2 RMC BIZ PRD,K462,บ่อวิน,QMIX,ระยอง
"20000142",QMix East,"00023221",QMIX EST 2 RMC BIZ PRD,"00010226",EST 2/1 RMC BIZ PRD,K463,ตะพง,QMIX,ระยอง
"20000142",QMix East,"00023221",QMIX EST 2 RMC BIZ PRD,"00010226",EST 2/1 RMC BIZ PRD,K465,มาบตาพุด 2,QMIX,ระยอง
"20000142",QMix East,"00023221",QMIX EST 2 RMC BIZ PRD,"00010226",EST 2/1 RMC BIZ PRD,K467,ปลวกแดง,QMIX,ระยอง
"20000142",QMix East,"00023211",QMIX EST 1 RMC BIZ PRD,"00010225",EST 1/2 RMC BIZ PRD,K471,ศรีราชา,QMIX,ชลบุรี
"20000142",QMix East,"00023211",QMIX EST 1 RMC BIZ PRD,"00010225",EST 1/2 RMC BIZ PRD,K473,แหลมฉบัง,QMIX,ชลบุรี
"20000142",QMix East,"00023221",QMIX EST 2 RMC BIZ PRD,"00010227",EST 2/2 RMC BIZ PRD,K475,วังจันทร์,QMIX,ระยอง
"20000142",QMix East,"00023221",QMIX EST 2 RMC BIZ PRD,"00010227",EST 2/2 RMC BIZ PRD,K476,มาบตาพุด 3,QMIX,ระยอง
"20000142",QMix East,"00023221",QMIX EST 2 RMC BIZ PRD,"00010226",EST 2/1 RMC BIZ PRD,K479,โรงหล่อโปทีม,QMIX,ระยอง
"20000142",QMix East,"00023221",QMIX EST 2 RMC BIZ PRD,"00010226",EST 2/1 RMC BIZ PRD,K480,CCC แหลมฉบัง2,QMIX,กรุงเทพมหานคร
"20000142",QMix East,"00023221",QMIX EST 2 RMC BIZ PRD,"00010226",EST 2/1 RMC BIZ PRD,K481,เขาชะเมา,QMIX,ระยอง
"20000142",QMix East,"00023221",QMIX EST 2 RMC BIZ PRD,"00010227",EST 2/2 RMC BIZ PRD,K482,ลีพัฒนา หนองตะพาน,QMIX,ระยอง
"20000142",QMix East,"00023221",QMIX EST 2 RMC BIZ PRD,"00010227",EST 2/2 RMC BIZ PRD,K483,PACO ระยอง,QMIX,ระยอง
"20000142",QMix East,"00023221",QMIX EST 2 RMC BIZ PRD,"00010226",EST 2/1 RMC BIZ PRD,K484,เขาคันทรง ทรัพย์เจริญ,QMIX,ชลบุรี
"20000142",QMix East,"00023221",QMIX EST 2 RMC BIZ PRD,"00010226",EST 2/1 RMC BIZ PRD,K485,ปลวกแดง 3,QMIX,ระยอง
"20000142",QMix East,"00023221",QMIX EST 2 RMC BIZ PRD,"00010227",EST 2/2 RMC BIZ PRD,K486,นิคมพัฒนา เพอมาเน้นท์,QMIX,ระยอง
"20000142",QMix East,"00023221",QMIX EST 2 RMC BIZ PRD,"00010226",EST 2/1 RMC BIZ PRD,K487,บ่อวิน CCP,QMIX,ชลบุรี
"20000142",QMix East,"00023221",QMIX EST 2 RMC BIZ PRD,"00010227",EST 2/2 RMC BIZ PRD,K488,นิคมพัฒนา ป.วิไลคอนกรีต,QMIX,ระยอง
"20000142",QMix East,"00023221",QMIX EST 2 RMC BIZ PRD,"00010227",EST 2/2 RMC BIZ PRD,K489,บ้านค่าย ปิยะคอนกรีต,QMIX,ระยอง
"20000142",QMix East,"00023221",QMIX EST 2 RMC BIZ PRD,"00010227",EST 2/2 RMC BIZ PRD,K490,ทับมา ปิยะคอนกรีต,QMIX,ระยอง
"20000142",QMix East,"00023221",QMIX EST 2 RMC BIZ PRD,"00010227",EST 2/2 RMC BIZ PRD,K491,บ้านเพ เอ็นทีที คอนกรีต,QMIX,ระยอง
"20000142",QMix East,"00023221",QMIX EST 2 RMC BIZ PRD,"00010226",EST 2/1 RMC BIZ PRD,K492,ระยอง KRC 1,QMIX,ระยอง
"20000142",QMix East,"00023221",QMIX EST 2 RMC BIZ PRD,"00010226",EST 2/1 RMC BIZ PRD,K493,ระยอง KRC 2,QMIX,ระยอง
"20000142",QMix East,"00023211",QMIX EST 1 RMC BIZ PRD,"00010225",EST 1/2 RMC BIZ PRD,K495,แหลมฉบัง2 ชัยวดีคอนกรีต ชลบุรี,QMIX,ชลบุรี
"20000142",QMix East,"00023221",QMIX EST 2 RMC BIZ PRD,"00010227",EST 2/2 RMC BIZ PRD,K496,ตะพง 2,QMIX,ระยอง
"20000142",QMix East,"00023221",QMIX EST 2 RMC BIZ PRD,"00010226",EST 2/1 RMC BIZ PRD,K497,บางละมุง ซุนคอร์ป ชลบุรี,QMIX,ชลบุรี
"20000142",QMix East,"00023221",QMIX EST 2 RMC BIZ PRD,"00010227",EST 2/2 RMC BIZ PRD,K498,บ้านค่าย ซุนคอร์ป ระยอง,QMIX,ระยอง
"20000142",QMix East,"00023221",QMIX EST 2 RMC BIZ PRD,"00010226",EST 2/1 RMC BIZ PRD,K499,ศรีราชา ซุนคอร์ป ชลบุรี,QMIX,ชลบุรี
"20000142",QMix East,"00023211",QMIX EST 1 RMC BIZ PRD,"00010228",EST 1/1 RMC BIZ PRD,K4A0,ชลบุรี,QMIX,ชลบุรี
"20000142",QMix East,"00023211",QMIX EST 1 RMC BIZ PRD,"00010228",EST 1/1 RMC BIZ PRD,K4A1,ฉะเชิงเทรา,QMIX,ฉะเชิงเทรา
"20000142",QMix East,"00023211",QMIX EST 1 RMC BIZ PRD,"00010228",EST 1/1 RMC BIZ PRD,K4A2,กบินทร์บุรี,QMIX,ปราจีนบุรี
"20000140",QMix Bangkok,"00021211",QMIX BKK 1 RMC BIZ PRD,"00010221",BKK 1/2 RMC BIZ PRD,K4A4,บางบ่อ,QMIX,สมุทรปราการ
"20000142",QMix East,"00023211",QMIX EST 1 RMC BIZ PRD,"00010228",EST 1/1 RMC BIZ PRD,K4A5,บางปะกง,QMIX,ฉะเชิงเทรา
"20000142",QMix East,"00023211",QMIX EST 1 RMC BIZ PRD,"00010228",EST 1/1 RMC BIZ PRD,K4A7,พานทอง,QMIX,ชลบุรี
"20000142",QMix East,"00023221",QMIX EST 2 RMC BIZ PRD,"00010226",EST 2/1 RMC BIZ PRD,K4A9,บางพระ,QMIX,ชลบุรี
"20000142",QMix East,"00023211",QMIX EST 1 RMC BIZ PRD,"00010228",EST 1/1 RMC BIZ PRD,K4B6,พานทอง 2 (TMP),QMIX,ชลบุรี
"20000142",QMix East,"00023221",QMIX EST 2 RMC BIZ PRD,"00010226",EST 2/1 RMC BIZ PRD,K4B7,พานทอง 3,QMIX,ชลบุรี
"20000143",QMix Central,"00022218",QMIX CNT 1 RMC BIZ PRD,"00010229",CNT 1 RMC BIZ PRD,K4D0,ลพบุรี,QMIX,ลพบุรี
"20000143",QMix Central,"00022218",QMIX CNT 1 RMC BIZ PRD,"00010229",CNT 1 RMC BIZ PRD,K4D1,อยุธยา,QMIX,พระนครศรีอยุธยา
"20000143",QMix Central,"00022218",QMIX CNT 1 RMC BIZ PRD,"00010229",CNT 1 RMC BIZ PRD,K4D2,โรจนะ,QMIX,พระนครศรีอยุธยา
"20000143",QMix Central,"00022218",QMIX CNT 1 RMC BIZ PRD,"00010229",CNT 1 RMC BIZ PRD,K4D5,ทับกวาง,QMIX,สระบุรี
"20000143",QMix Central,"00022218",QMIX CNT 1 RMC BIZ PRD,"00010229",CNT 1 RMC BIZ PRD,K4D6,บางปะอิน,QMIX,พระนครศรีอยุธยา
"20000143",QMix Central,"00022218",QMIX CNT 1 RMC BIZ PRD,"00010229",CNT 1 RMC BIZ PRD,K4E0,ทีทีวี คอนกรีต หนองแค,QMIX,สระบุรี
"20000143",QMix Central,"00022218",QMIX CNT 1 RMC BIZ PRD,"00010229",CNT 1 RMC BIZ PRD,K4E6,วิเศษชัยชาญ,QMIX,อ่างทอง
"20000143",QMix Central,"00022218",QMIX CNT 1 RMC BIZ PRD,"00010229",CNT 1 RMC BIZ PRD,K4E7,อยุธยา 3,QMIX,พระนครศรีอยุธยา
"20000143",QMix Central,"00022218",QMIX CNT 1 RMC BIZ PRD,"00010229",CNT 1 RMC BIZ PRD,K4E9,โชคดีวิศวภัณฑ์ หนองแค,QMIX,สระบุรี
"20000143",QMix Central,"00022218",QMIX CNT 1 RMC BIZ PRD,"00010229",CNT 1 RMC BIZ PRD,K4F0,ดี สแควร์ สระบุรี,QMIX,สระบุรี
"20000143",QMix Central,"00022218",QMIX CNT 1 RMC BIZ PRD,"00010229",CNT 1 RMC BIZ PRD,K4F1,โรงหล่อบางปะอิน เสาเข็ม 2,QMIX,พระนครศรีอยุธยา
"20000143",QMix Central,"00022218",QMIX CNT 1 RMC BIZ PRD,"00010229",CNT 1 RMC BIZ PRD,K4F2,โรจนะ 2,QMIX,พระนครศรีอยุธยา
"20000143",QMix Central,"00022218",QMIX CNT 1 RMC BIZ PRD,"00010229",CNT 1 RMC BIZ PRD,K4F3,ทีเจเอคอนกรีต,QMIX,พระนครศรีอยุธยา
"20000143",QMix Central,"00022218",QMIX CNT 1 RMC BIZ PRD,"00010229",CNT 1 RMC BIZ PRD,K4F5,โคกสว่าง High Speed 4-6,QMIX,สระบุรี
"20000143",QMix Central,"00022218",QMIX CNT 1 RMC BIZ PRD,"00010229",CNT 1 RMC BIZ PRD,K4F6,บางบาล2 (TDG) อยุธยา,QMIX,พระนครศรีอยุธยา
"20000145",QMix Northeast,"00024214",QMIX NE 1 RMC BIZ PRD,"00010231",NE 1 RMC BIZ PRD,K4G1,ขอนแก่น,QMIX,ขอนแก่น
"20000145",QMix Northeast,"00024224",QMIX NE 2 RMC BIZ PRD,"00010236",NE 2 RMC BIZ PRD,K4G2,โคราช,QMIX,นครราชสีมา
"20000145",QMix Northeast,"00024224",QMIX NE 2 RMC BIZ PRD,"00010236",NE 2 RMC BIZ PRD,K4G3,อุบล-วาริน,QMIX,อุบลราชธานี
"20000145",QMix Northeast,"00024224",QMIX NE 2 RMC BIZ PRD,"00010236",NE 2 RMC BIZ PRD,K4G4,โคราช-หนองกระทุ่ม,QMIX,นครราชสีมา
"20000145",QMix Northeast,"00024214",QMIX NE 1 RMC BIZ PRD,"00010231",NE 1 RMC BIZ PRD,K4G7,ศรีสองรัก,QMIX,เลย
"20000145",QMix Northeast,"00024214",QMIX NE 1 RMC BIZ PRD,"00010231",NE 1 RMC BIZ PRD,K4G8,ศรีสองรัก 2,QMIX,เลย
"20000145",QMix Northeast,"00024214",QMIX NE 1 RMC BIZ PRD,"00010231",NE 1 RMC BIZ PRD,K4H0,บึงกาฬ,QMIX,บึงกาฬ
"20000145",QMix Northeast,"00024214",QMIX NE 1 RMC BIZ PRD,"00010231",NE 1 RMC BIZ PRD,K4H1,บึงกาฬ 2 (เทิดไท),QMIX,บึงกาฬ
"20000145",QMix Northeast,"00024214",QMIX NE 1 RMC BIZ PRD,"00010231",NE 1 RMC BIZ PRD,K4H2,นาแก,QMIX,นครพนม
"20000145",QMix Northeast,"00024214",QMIX NE 1 RMC BIZ PRD,"00010231",NE 1 RMC BIZ PRD,K4H3,พนมไพร,QMIX,ร้อยเอ็ด
"20000145",QMix Northeast,"00024224",QMIX NE 2 RMC BIZ PRD,"00010236",NE 2 RMC BIZ PRD,K4H6,พนมไพร 2,QMIX,ร้อยเอ็ด
"20000145",QMix Northeast,"00024224",QMIX NE 2 RMC BIZ PRD,"00010236",NE 2 RMC BIZ PRD,K4H8,โคราช-หนองจะบก,QMIX,นครราชสีมา
"20000145",QMix Northeast,"00024224",QMIX NE 2 RMC BIZ PRD,"00010236",NE 2 RMC BIZ PRD,K4I0,โคราช-บ้านส้ม,QMIX,นครราชสีมา
"20000145",QMix Northeast,"00024224",QMIX NE 2 RMC BIZ PRD,"00010236",NE 2 RMC BIZ PRD,K4I1,สูงเนิน ป.เพิ่มทรัพย์,QMIX,นครราชสีมา
"20000145",QMix Northeast,"00024214",QMIX NE 1 RMC BIZ PRD,"00010231",NE 1 RMC BIZ PRD,K4I2,หนองบัวแดง ฟ้าประทาน,QMIX,ชัยภูมิ
"20000145",QMix Northeast,"00024224",QMIX NE 2 RMC BIZ PRD,"00010236",NE 2 RMC BIZ PRD,K4I4,ปากช่อง ปูนพัฒนา,QMIX,นครราชสีมา
"20000145",QMix Northeast,"00024214",QMIX NE 1 RMC BIZ PRD,"00010231",NE 1 RMC BIZ PRD,K4I5,อุดร ป.ก่อสร้าง,QMIX,อุดรธานี
"20000145",QMix Northeast,"00024214",QMIX NE 1 RMC BIZ PRD,"00010231",NE 1 RMC BIZ PRD,K4I6,มนัสชัย โซ่พิสัย,QMIX,บึงกาฬ
"20000145",QMix Northeast,"00024214",QMIX NE 1 RMC BIZ PRD,"00010231",NE 1 RMC BIZ PRD,K4I8,วนิชชัย หนองคาย,QMIX,หนองคาย
"20000141",QMix South,"00026228",QMIX STH 2 RMC BIZ PRD,"00010233",STH 2 RMC BIZ PRD,K4J0,หาดใหญ่,QMIX,สงขลา
"20000141",QMix South,"00026218",QMIX STH 1 RMC BIZ PRD,"00010232",STH 1 RMC BIZ PRD,K4J2,ตรัง,QMIX,ตรัง
"20000141",QMix South,"00026228",QMIX STH 2 RMC BIZ PRD,"00010233",STH 2 RMC BIZ PRD,K4J3,จะนะ,QMIX,สงขลา
"20000141",QMix South,"00026228",QMIX STH 2 RMC BIZ PRD,"00010233",STH 2 RMC BIZ PRD,K4J5,นาทวี,QMIX,สงขลา
"20000141",QMix South,"00026228",QMIX STH 2 RMC BIZ PRD,"00010233",STH 2 RMC BIZ PRD,K4J7,พัทลุง,QMIX,พัทลุง
"20000141",QMix South,"00026228",QMIX STH 2 RMC BIZ PRD,"00010233",STH 2 RMC BIZ PRD,K4J8,พี เอ็น พี คอนกรีต สตูล,QMIX,สตูล
"20000141",QMix South,"00026228",QMIX STH 2 RMC BIZ PRD,"00010233",STH 2 RMC BIZ PRD,K4K0,รัตภูมิ,QMIX,สงขลา
"20000141",QMix South,"00026228",QMIX STH 2 RMC BIZ PRD,"00010233",STH 2 RMC BIZ PRD,K4K1,รัตภูมิ เคดีซี,QMIX,สงขลา
"20000141",QMix South,"00026228",QMIX STH 2 RMC BIZ PRD,"00010233",STH 2 RMC BIZ PRD,K4K2,นครศรีธรรมราช 1 (วินซี),QMIX,นครศรีธรรมราช
"20000141",QMix South,"00026218",QMIX STH 1 RMC BIZ PRD,"00010232",STH 1 RMC BIZ PRD,K4K3,ห้วยปริกก่อสร้าง ฉวาง,QMIX,นครศรีธรรมราช
"20000141",QMix South,"00026228",QMIX STH 2 RMC BIZ PRD,"00010233",STH 2 RMC BIZ PRD,K4K4,พีเอส นคร กรุ๊ป,QMIX,นครศรีธรรมราช
"20000141",QMix South,"00026228",QMIX STH 2 RMC BIZ PRD,"00010233",STH 2 RMC BIZ PRD,K4K5,นครศรีธรรมราช (วินซี 2),QMIX,นครศรีธรรมราช
"20000141",QMix South,"00026228",QMIX STH 2 RMC BIZ PRD,"00010233",STH 2 RMC BIZ PRD,K4K6,นครศรีธรรมราช วังศิลา ณ นคร คอนกรีต,QMIX,นครศรีธรรมราช
"20000141",QMix South,"00026228",QMIX STH 2 RMC BIZ PRD,"00010233",STH 2 RMC BIZ PRD,K4K7,คลองแงะ ตากใบการโยธา,QMIX,นราธิวาส
"20000141",QMix South,"00026228",QMIX STH 2 RMC BIZ PRD,"00010233",STH 2 RMC BIZ PRD,K4K8,ระโนด ตากใบการโยธา,QMIX,นราธิวาส
"20000141",QMix South,"00026228",QMIX STH 2 RMC BIZ PRD,"00010233",STH 2 RMC BIZ PRD,K4K9,ปัตตานี อ่าวไทยผลิตภัณฑ์คอนกรีต,QMIX,ปัตตานี
"20000142",QMix East,"00023211",QMIX EST 1 RMC BIZ PRD,"00010225",EST 1/2 RMC BIZ PRD,K4L0,กรุงเทพ คอนกรีต พิมพา,QMIX,ฉะเชิงเทรา
"20000142",QMix East,"00023211",QMIX EST 1 RMC BIZ PRD,"00010228",EST 1/1 RMC BIZ PRD,K4L1,ชลบุรี 2,QMIX,ชลบุรี
"20000142",QMix East,"00023211",QMIX EST 1 RMC BIZ PRD,"00010228",EST 1/1 RMC BIZ PRD,K4L2,โคกเพลาะ 1 อินเดียร์ 99,QMIX,ชลบุรี
"20000142",QMix East,"00023211",QMIX EST 1 RMC BIZ PRD,"00010228",EST 1/1 RMC BIZ PRD,K4L3,โคกเพลาะ 2 อินเดียร์ 99,QMIX,ชลบุรี
"20000141",QMix South,"00026218",QMIX STH 1 RMC BIZ PRD,"00010232",STH 1 RMC BIZ PRD,K4M2,ภูเก็ต,QMIX,ภูเก็ต
"20000141",QMix South,"00026218",QMIX STH 1 RMC BIZ PRD,"00010232",STH 1 RMC BIZ PRD,K4M4,รัษฎา,QMIX,ภูเก็ต
"20000141",QMix South,"00026218",QMIX STH 1 RMC BIZ PRD,"00010232",STH 1 RMC BIZ PRD,K4M5,เชิงทะเล,QMIX,ภูเก็ต
"20000141",QMix South,"00026218",QMIX STH 1 RMC BIZ PRD,"00010232",STH 1 RMC BIZ PRD,K4M6,สุราษฎร์ธานี (เอ็นเค คลองน้อย),QMIX,สุราษฎร์ธานี
"20000141",QMix South,"00026218",QMIX STH 1 RMC BIZ PRD,"00010232",STH 1 RMC BIZ PRD,K4M7,ภูเก็ตค้าซีเมนต์ รัษฎา,QMIX,ภูเก็ต
"20000141",QMix South,"00026218",QMIX STH 1 RMC BIZ PRD,"00010232",STH 1 RMC BIZ PRD,K4M8,กระบี่น้อย,QMIX,กระบี่
"20000141",QMix South,"00026218",QMIX STH 1 RMC BIZ PRD,"00010232",STH 1 RMC BIZ PRD,K4M9,เอพี ป่าตอง,QMIX,ปทุมธานี
"20000145",QMix Northeast,"00024214",QMIX NE 1 RMC BIZ PRD,"00010231",NE 1 RMC BIZ PRD,K4N3,น้ำโสม อุดรรุ่งนิรันดร์,QMIX,อุดรธานี
"20000145",QMix Northeast,"00024214",QMIX NE 1 RMC BIZ PRD,"00010231",NE 1 RMC BIZ PRD,K4N4,ศิลาขอนแก่นคอนกรีต,QMIX,ขอนแก่น
"20000145",QMix Northeast,"00024224",QMIX NE 2 RMC BIZ PRD,"00010236",NE 2 RMC BIZ PRD,K4N5,อุบลเจพีแมน คอนกรีต,QMIX,อุบลราชธานี
"20000145",QMix Northeast,"00024214",QMIX NE 1 RMC BIZ PRD,"00010231",NE 1 RMC BIZ PRD,K4N6,กุดรัง ตั้งสุรเสียง คอนกรีต,QMIX,มหาสารคาม
"20000145",QMix Northeast,"00024214",QMIX NE 1 RMC BIZ PRD,"00010231",NE 1 RMC BIZ PRD,K4N7,มหาสารคาม สัมฤทธิ์,QMIX,มหาสารคาม
"20000145",QMix Northeast,"00024214",QMIX NE 1 RMC BIZ PRD,"00010231",NE 1 RMC BIZ PRD,K4N8,วานรนิวาส คิงส์คอบร้าโกลด์ สกลนคร,QMIX,สกลนคร
"20000145",QMix Northeast,"00024224",QMIX NE 2 RMC BIZ PRD,"00010236",NE 2 RMC BIZ PRD,K4N9,ปราสาท บีทีซี สุรินทร์,QMIX,สุรินทร์
"20000141",QMix South,"00026228",QMIX STH 2 RMC BIZ PRD,"00010233",STH 2 RMC BIZ PRD,K4O0,นครศรีธรรมราช สันยา คอนกรีต,QMIX,นครศรีธรรมราช
"20000141",QMix South,"00026228",QMIX STH 2 RMC BIZ PRD,"00010233",STH 2 RMC BIZ PRD,K4O1,ร่อนพิบูลย์ ธนโชติวัสดุก่อสร้าง นครศรีธรรมราช,QMIX,นครศรีธรรมราช
"20000141",QMix South,"00026228",QMIX STH 2 RMC BIZ PRD,"00010233",STH 2 RMC BIZ PRD,K4O2,หาดใหญ่ สระหลวง ก่อสร้าง สงขลา,QMIX,สงขลา
"20000141",QMix South,"00026228",QMIX STH 2 RMC BIZ PRD,"00010233",STH 2 RMC BIZ PRD,K4O3,เมือง เอเซีย คอนกรีต แพลนท์ สงขลา,QMIX,สงขลา
"20000144",QMix North,"00025214",QMIX NTH 1 RMC BIZ PRD,"00010230",NTH 1 RMC BIZ PRD,K4P0,เชียงใหม่ (สารภี),QMIX,เชียงใหม่
"20000144",QMix North,"00025214",QMIX NTH 1 RMC BIZ PRD,"00010230",NTH 1 RMC BIZ PRD,K4P1,หางดง,QMIX,เชียงใหม่
"20000144",QMix North,"00025214",QMIX NTH 1 RMC BIZ PRD,"00010230",NTH 1 RMC BIZ PRD,K4P4,ลำพูน,QMIX,ลำพูน
"20000144",QMix North,"00025214",QMIX NTH 1 RMC BIZ PRD,"00010230",NTH 1 RMC BIZ PRD,K4P5,สันปูเลย,QMIX,เชียงใหม่
"20000144",QMix North,"00025214",QMIX NTH 1 RMC BIZ PRD,"00010230",NTH 1 RMC BIZ PRD,K4P6,แม่ริม,QMIX,เชียงใหม่
"20000144",QMix North,"00025214",QMIX NTH 1 RMC BIZ PRD,"00010230",NTH 1 RMC BIZ PRD,K4P7,แม่แตง,QMIX,เชียงใหม่
"20000144",QMix North,"00025224",QMIX NTH 2 RMC BIZ PRD,"00010240",NTH 2 RMC BIZ PRD,K4P8,DT เชียงราย,QMIX,เชียงราย
"20000144",QMix North,"00025214",QMIX NTH 1 RMC BIZ PRD,"00010230",NTH 1 RMC BIZ PRD,K4P9,สุโขทัย,QMIX,สุโขทัย
"20000143",QMix Central,"00022228",QMIX CNT 2 RMC BIZ PRD,"00010235",CNT 2 RMC BIZ PRD,K4Q0,บึงสามพัน,QMIX,เพชรบูรณ์
"20000144",QMix North,"00025224",QMIX NTH 2 RMC BIZ PRD,"00010240",NTH 2 RMC BIZ PRD,K4Q1,DT นางแล,QMIX,เชียงราย
"20000144",QMix North,"00025214",QMIX NTH 1 RMC BIZ PRD,"00010230",NTH 1 RMC BIZ PRD,K4Q2,บีโฮมเวียงชัย,QMIX,เชียงราย
"20000144",QMix North,"00025224",QMIX NTH 2 RMC BIZ PRD,"00010240",Maintenance System,K4Q3,แพร่(สปาทีม),QMIX,แพร่
"20000144",QMix North,"00025214",QMIX NTH 1 RMC BIZ PRD,"00010230",NTH 1 RMC BIZ PRD,K4Q4,ลำปาง(สปาทีม),QMIX,ลำปาง
"20000144",QMix North,"00025214",QMIX NTH 1 RMC BIZ PRD,"00010230",NTH 1 RMC BIZ PRD,K4Q5,ดอกคำใต้ เอพีโฮม,QMIX,พะเยา
"20000144",QMix North,"00025224",QMIX NTH 2 RMC BIZ PRD,"00010240",NTH 2 RMC BIZ PRD,K4Q6,แม่ตีบ ไร้ท์ ทันเน็ลลิ่ง,QMIX,ลำปาง
"20000144",QMix North,"00025224",QMIX NTH 2 RMC BIZ PRD,"00010240",Maintenance System,K4Q7,พะเยา,QMIX,พะเยา
"20000144",QMix North,"00025214",QMIX NTH 1 RMC BIZ PRD,"00010230",NTH 1 RMC BIZ PRD,K4Q8,ยู เอส แม่แฝก,QMIX,เชียงใหม่
"20000144",QMix North,"00025214",QMIX NTH 1 RMC BIZ PRD,"00010230",NTH 1 RMC BIZ PRD,K4Q9,เอพี ลำพูน,QMIX,ลำพูน
"20000144",QMix North,"00025224",QMIX NTH 2 RMC BIZ PRD,"00010240",NTH 2 RMC BIZ PRD,K4R0,สถานีสอง (BP3),QMIX,แพร่
"20000144",QMix North,"00025214",QMIX NTH 1 RMC BIZ PRD,"00010230",NTH 1 RMC BIZ PRD,K4R1,ลำปางมงคล,QMIX,ลำปาง
"20000144",QMix North,"00025214",QMIX NTH 1 RMC BIZ PRD,"00010230",NTH 1 RMC BIZ PRD,K4R2,เกล้าเจริญ วัสดุก่อสร้าง,QMIX,อุตรดิตถ์
"20000144",QMix North,"00025224",QMIX NTH 2 RMC BIZ PRD,"00010240",NTH 2 RMC BIZ PRD,K4R3,แม่ตีบ ITD (BP6),QMIX,ลำปาง
"20000144",QMix North,"00025214",QMIX NTH 1 RMC BIZ PRD,"00010230",NTH 1 RMC BIZ PRD,K4R4,อุโมงค์พะเยา 2 ไร้ท์ทันเน็ลลิ่ง,QMIX,พะเยา
"20000144",QMix North,"00025214",QMIX NTH 1 RMC BIZ PRD,"00010230",NTH 1 RMC BIZ PRD,K4R5,อุโมงค์สอง ITD (BP4),QMIX,แพร่
"20000144",QMix North,"00025214",QMIX NTH 1 RMC BIZ PRD,"00010230",NTH 1 RMC BIZ PRD,K4R6,อุโมงค์งาว ITD (BP5),QMIX,แพร่
"20000144",QMix North,"00025214",QMIX NTH 1 RMC BIZ PRD,"00010230",NTH 1 RMC BIZ PRD,K4R7,งาว จักรภัทรคอนกรีต,QMIX,ลำปาง
"20000144",QMix North,"00025224",QMIX NTH 2 RMC BIZ PRD,"00010240",Maintenance System,K4R9,เชียงราย รถไฟทางคู่,QMIX,เชียงราย
"20000140",QMix Bangkok,"00021221",QMIX BKK 2 RMC BIZ PRD,"00010223",BKK 2/2 RMC BIZ PRD,K4T2,ประดิพัทธ์ ORC,QMIX,กรุงเทพมหานคร
"20000140",QMix Bangkok,"00021221",QMIX BKK 2 RMC BIZ PRD,"00010223",BKK 2/2 RMC BIZ PRD,K4T9,ท่ายาง,QMIX,เพชรบุรี
"20000140",QMix Bangkok,"00021221",QMIX BKK 2 RMC BIZ PRD,"00010223",BKK 2/2 RMC BIZ PRD,K4U0,บางโทรัด,QMIX,ราชบุรี
"20000140",QMix Bangkok,"00021221",QMIX BKK 2 RMC BIZ PRD,"00010238",BKK 2/3 RMC BIZ PRD,K4U1,บ้านโป่ง,QMIX,ราชบุรี
"20000140",QMix Bangkok,"00021211",QMIX BKK 1 RMC BIZ PRD,"00010221",BKK 1/2 RMC BIZ PRD,K4U2,สรรพาวุธ 2,QMIX,กรุงเทพมหานคร
"20000140",QMix Bangkok,"00021221",QMIX BKK 2 RMC BIZ PRD,"00010222",BKK 2/1 RMC BIZ PRD,K4U3,ปากเกร็ด (โรงหล่อเสาไฟฟ้า),QMIX,นนทบุรี
"20000140",QMix Bangkok,"00021221",QMIX BKK 2 RMC BIZ PRD,"00010223",BKK 2/2 RMC BIZ PRD,K4U4,ดำเนินสะดวก,QMIX,นครปฐม
"20000140",QMix Bangkok,"00021221",QMIX BKK 2 RMC BIZ PRD,"00010223",BKK 2/2 RMC BIZ PRD,K4U5,วังตะกู,QMIX,สระบุรี
"20000140",QMix Bangkok,"00021221",QMIX BKK 2 RMC BIZ PRD,"00010238",BKK 2/3 RMC BIZ PRD,K4U6,คชาณัฎฐ์ นครปฐม,QMIX,นครปฐม
"20000140",QMix Bangkok,"00021221",QMIX BKK 2 RMC BIZ PRD,"00010223",BKK 2/2 RMC BIZ PRD,K4U7,Central นครปฐม,QMIX,สระบุรี
"20000140",QMix Bangkok,"00021221",QMIX BKK 2 RMC BIZ PRD,"00010222",BKK 2/1 RMC BIZ PRD,K4U8,ปากเกร็ด การไฟฟ้า Cluster 2,QMIX,นนทบุรี
"20000140",QMix Bangkok,"00021221",QMIX BKK 2 RMC BIZ PRD,"00010223",BKK 2/2 RMC BIZ PRD,K4U9,ทรวงพาณิชย์ กระทุ่มแบน,QMIX,สมุทรสาคร
"20000140",QMix Bangkok,"00021221",QMIX BKK 2 RMC BIZ PRD,"00010223",BKK 2/2 RMC BIZ PRD,K4V0,ทรวงพาณิชย์ สมุทรสาคร,QMIX,สมุทรสาคร
"20000140",QMix Bangkok,"00021221",QMIX BKK 2 RMC BIZ PRD,"00010222",BKK 2/1 RMC BIZ PRD,K4V1,ปากเกร็ด การไฟฟ้า Cluster 3,QMIX,นนทบุรี
"20000140",QMix Bangkok,"00021221",QMIX BKK 2 RMC BIZ PRD,"00010223",BKK 2/2 RMC BIZ PRD,K4V2,CPAC พระประโทน,QMIX,สระบุรี
"20000140",QMix Bangkok,"00021221",QMIX BKK 2 RMC BIZ PRD,"00010222",BKK 2/1 RMC BIZ PRD,K4V3,โททอล พรีคาสท์ ไทรน้อย,QMIX,นนทบุรี
"20000140",QMix Bangkok,"00021211",QMIX BKK 1 RMC BIZ PRD,"00010220",BKK 1/1 RMC BIZ PRD,K4V4,ลำลูกกา คลอง 7 ทุนเร้นท์,QMIX,กรุงเทพมหานคร
"20000140",QMix Bangkok,"00021221",QMIX BKK 2 RMC BIZ PRD,"00010238",BKK 2/3 RMC BIZ PRD,K4V5,มหาสวัสดิ์,QMIX,นนทบุรี
"20000140",QMix Bangkok,"00021221",QMIX BKK 2 RMC BIZ PRD,"00010222",BKK 2/1 RMC BIZ PRD,K4V6,ลาดหลุมแก้ว  ที.คิว.ซี คอนกรีต,QMIX,ปทุมธานี
"20000140",QMix Bangkok,"00021221",QMIX BKK 2 RMC BIZ PRD,"00010238",BKK 2/3 RMC BIZ PRD,K4V7,วังตะกู พัฒนาดีโฮมมาร์ท,QMIX,นครปฐม
"20000140",QMix Bangkok,"00021221",QMIX BKK 2 RMC BIZ PRD,"00010238",BKK 2/3 RMC BIZ PRD,K4V8,บ้านใหม่ ที.คิว.ซี คอนกรีต,QMIX,นนทบุรี
"20000140",QMix Bangkok,"00021221",QMIX BKK 2 RMC BIZ PRD,"00010238",BKK 2/3 RMC BIZ PRD,K4V9,ซีแพค อ้อมน้อย,QMIX,สมุทรสาคร
"20000144",QMix North,"00025224",QMIX NTH 2 RMC BIZ PRD,"00010240",Maintenance System,K4Y0,พะเยา รถไฟทางคู่,QMIX,พะเยา
"20000144",QMix North,"00025224",QMIX NTH 2 RMC BIZ PRD,"00010240",Maintenance System,K4Y1,ดอยหลวง เจริญทรัพย์คอนกรีต,QMIX,เชียงราย
"20000144",QMix North,"00025224",QMIX NTH 2 RMC BIZ PRD,"00010240",Maintenance System,K4Y2,ป่าแดด รถไฟทางคู่ เชียงราย,QMIX,เชียงราย
"20000144",QMix North,"00025224",QMIX NTH 2 RMC BIZ PRD,"00010240",Maintenance System,K4Y3,เชียงม่วน ปราณีวัสดุก่อสร้าง พะเยา,QMIX,พะเยา
"20000144",QMix North,"00025224",QMIX NTH 2 RMC BIZ PRD,"00010240",Maintenance System,K4Y4,อุโมงค์พะเยา 3 ไร้ท์ทันเน็ลลิ่ง,QMIX,ลำปาง
"20000144",QMix North,"00025214",QMIX NTH 1 RMC BIZ PRD,"00010230",NTH 1 RMC BIZ PRD,K4Y5,QMIX แม่สอด,QMIX,ตาก
"20000144",QMix North,"00025214",QMIX NTH 1 RMC BIZ PRD,"00010230",NTH 1 RMC BIZ PRD,K4Y6,งาว จักรภัทรคอนกรีต 2,QMIX,ลำปาง
"20000144",QMix North,"00025214",QMIX NTH 1 RMC BIZ PRD,"00010230",NTH 1 RMC BIZ PRD,K4Y7,แม่ตีบ จักรภัทรคอนกรีต3,QMIX,ลำปาง
"20000144",QMix North,"00025224",QMIX NTH 2 RMC BIZ PRD,"00010240",Maintenance System,K4Y8,แม่ตีบ RT ITD BP7,QMIX,แพร่
"20000144",QMix North,"00025214",QMIX NTH 1 RMC BIZ PRD,"00010230",NTH 1 RMC BIZ PRD,K4Y9,วชิรบารมี เทิดไท พิจิตร,QMIX,พิจิตร
"20000141",QMix South,"00026218",QMIX STH 1 RMC BIZ PRD,"00010232",STH 1 RMC BIZ PRD,K4Z0,ภูเก็ตค้าซีเมนต์ โคกกลอย,QMIX,ภูเก็ต
"20000141",QMix South,"00026218",QMIX STH 1 RMC BIZ PRD,"00010232",STH 1 RMC BIZ PRD,K4Z1,ชุมพรคอนกรีต,QMIX,ชุมพร
"20000141",QMix South,"00026218",QMIX STH 1 RMC BIZ PRD,"00010232",STH 1 RMC BIZ PRD,K4Z2,ถลาง โชคชัยคอนกรีต 1,QMIX,ภูเก็ต
"20000141",QMix South,"00026218",QMIX STH 1 RMC BIZ PRD,"00010232",STH 1 RMC BIZ PRD,K4Z3,ถลาง โชคชัยคอนกรีต 2,QMIX,ภูเก็ต
"20000141",QMix South,"00026218",QMIX STH 1 RMC BIZ PRD,"00010232",STH 1 RMC BIZ PRD,K4Z4,บางเตย ชัยยันต์คอนกรีต พังงา,QMIX,พังงา
"20000141",QMix South,"00026218",QMIX STH 1 RMC BIZ PRD,"00010232",STH 1 RMC BIZ PRD,K4Z5,เวียงสระ ผาทอง24 สุราษฎธานี,QMIX,สุราษฎร์ธานี
"20000141",QMix South,"00026218",QMIX STH 1 RMC BIZ PRD,"00010232",STH 1 RMC BIZ PRD,K4Z6,เมือง อภิญญานันท์ กระบี่,QMIX,กระบี่
"20000141",QMix South,"00026218",QMIX STH 1 RMC BIZ PRD,"00010232",STH 1 RMC BIZ PRD,K4Z7,ทุ่งใหญ่ ผาทอง 24 นครศรีธรรมราช,QMIX,นครศรีธรรมราช
"20000141",QMix South,"00026218",QMIX STH 1 RMC BIZ PRD,"00010232",STH 1 RMC BIZ PRD,K4Z8,กะทู้ ภูเก็ต,QMIX,ภูเก็ต
"20000141",QMix South,"00026218",QMIX STH 1 RMC BIZ PRD,"00010232",STH 1 RMC BIZ PRD,K4Z9,ท้ายเหมือง ชัยยันต์คอนกรีต พังงา,QMIX,พังงา
"20000142",QMix East,"00023221",QMIX EST 2 RMC BIZ PRD,"00010227",EST 2/2 RMC BIZ PRD,K5J0,บ้านค่าย เอไอคอนกรีต ระยอง,QMIX,ระยอง
"20000142",QMix East,"00023221",QMIX EST 2 RMC BIZ PRD,"00010227",EST 2/2 RMC BIZ PRD,K5J1,ปลวกแดง ซุนคอร์ป ระยอง,QMIX,ระยอง
"20000142",QMix East,"00023211",QMIX EST 1 RMC BIZ PRD,"00010225",EST 1/2 RMC BIZ PRD,K5J2,สัตหีบ บีเอซี คอนกรีต ชลบุรี,QMIX,ชลบุรี
"20000142",QMix East,"00023211",QMIX EST 1 RMC BIZ PRD,"00010225",EST 1/2 RMC BIZ PRD,K5J3,พัทยา เอสทีซี คอนกรีต ชลบุรี,QMIX,ชลบุรี
"20000142",QMix East,"00023221",QMIX EST 2 RMC BIZ PRD,"00010226",EST 2/1 RMC BIZ PRD,K5J4,นิคม CPGC  โอเคคอนกรีต ระยอง,QMIX,ระยอง
"20000145",QMix Northeast,"00024224",QMIX NE 2 RMC BIZ PRD,"00010236",NE 2 RMC BIZ PRD,K5R0,สังขะ SJS สุรินทร์,QMIX,สุรินทร์
"20000145",QMix Northeast,"00024214",QMIX NE 1 RMC BIZ PRD,"00010231",NE 1 RMC BIZ PRD,K5R1,เพชรสมวงศ์ นาแก นครพนม,QMIX,ยโสธร
"20000144",QMix North,"00025224",QMIX NTH 2 RMC BIZ PRD,"00010240",NTH 2 RMC BIZ PRD,K5V0,อุุโมงค์งาว ITD BP8,QMIX,แพร่
"20000144",QMix North,"00025214",QMIX NTH 1 RMC BIZ PRD,"00010230",NTH 1 RMC BIZ PRD,K5V1,เทิดไท สุโขทัย 2,QMIX,สุโขทัย
"90000141",RMC South,"90000565",South 2,"00009976",Prod.สุราษฏร์ธานี,ZZ1A,ศรีสุราษฎร์,CPAC,สุราษฎร์ธานี
"90000141",RMC South,"90000566",South 1,"00010083",Prod.สงขลา,ZZ3D,แม่ขรี-พัทลุง,CPAC,พัทลุง
"90000141",RMC South,"90000566",South 1,"00010083",Prod.สงขลา,ZZ4B,สงขลา-นาทวี,CPAC,สงขลา
"90000144",RMC North,"00014803",North 1,"00014919",Prod.เชียงใหม่2,ZZ92,"RMC, Post Tension and Precast สารภี",CPAC,เชียงใหม่
"90000140",RMC Metro,"00014300",Metro 1,"00014388",Prod.บางซื่อ,ZZA5,บางซ่อน 5,CPAC,กรุงเทพมหานคร
"90000140",RMC Metro,"00014300",Metro 1,"00014271",Prod.พระราม 9,ZZA7,คลองตัน 3,CPAC,กรุงเทพมหานคร
"90000140",RMC Metro,"00014300",Metro 1,"00014264",Prod.พระราม 4,ZZA9,พระราม 4/4,CPAC,กรุงเทพมหานคร
"90000140",RMC Metro,"00014301",Metro 2,"00014506",Prod.บางบัวทอง,ZZAG,บางหลวง,CPAC,ปทุมธานี
"90000140",RMC Metro,"00014302",Metro 3,"00014431",Prod.บางนา,ZZAK,บางนา กม.8-ราม2,CPAC,กรุงเทพมหานคร
"90000140",RMC Metro,"00014302",Metro 3,"00014431",Prod.บางนา,ZZAQ,บางนา กม.4/2,CPAC,กรุงเทพมหานคร
"90000140",RMC Metro,"00014302",Metro 3,"00014431",Prod.บางนา,ZZEZ,HUB PFA พระประแดง,CPAC,สมุทรปราการ
"90000142",RMC East,"00020163",East 1,"00020176",ผลิตสระบุรี,ZZFB,เฉลิมพระเกียรติ,CPAC,สระบุรี
"90000142",RMC East,"00020163",East 1,"00020176",ผลิตสระบุรี,ZZFD,มิตรภาพ 35,CPAC,สระบุรี
"90000142",RMC East,"00020163",East 1,"00020177",ผลิตปราจีนบุรี,ZZFK,นาดี 1,CPAC,ปราจีนบุรี
"90000142",RMC East,"00023135",East 3,"00020171",ผลิตบ่อวิน,ZZFM,บ่อวิน Mobile,CPAC,ชลบุรี
"90000143",RMC West,"00014548",West 2,"00014641",Prod.นครปฐม,ZZK2,วังตะกู,CPAC,นครปฐม
"90000143",RMC West,"00014547",West 1,"00014670",Prod.อยุธยา,ZZK3,ภาชี - ORU,CPAC,พระนครศรีอยุธยา
"90000143",RMC West,"00014547",West 1,"00014670",Prod.อยุธยา,ZZK4,สหรัตนคร 2,CPAC,พระนครศรีอยุธยา
"90000143",RMC West,"00014547",West 1,"00014670",Prod.อยุธยา,ZZK5,บางปะอิน,CPAC,พระนครศรีอยุธยา
"90000145",RMC Northeast,"00014243",Northeast 2,"00014246",Prod.อุดรธานี,ZZP1,FC เขื่อนอุบลรัตน์ (Type X2),X,ขอนแก่น
"90000145",RMC Northeast,"00014243",Northeast 2,"00014246",Prod.อุดรธานี,ZZP2,FC น้ำพอง (Type X2),X,ขอนแก่น
"90000145",RMC Northeast,"00014243",Northeast 2,"00014246",Prod.อุดรธานี,ZZP3,FC ขอนแก่น1 (Type X2),X,ขอนแก่น
"90000145",RMC Northeast,"00014243",Northeast 2,"00014246",Prod.อุดรธานี,ZZP4,FC ขอนแก่น2 (Type X2),X,ขอนแก่น
"90000145",RMC Northeast,"00014243",Northeast 2,"00014246",Prod.อุดรธานี,ZZP5,FC ท่าพระ (Type X2),X,ขอนแก่น
"90000145",RMC Northeast,"00014243",Northeast 2,"00014246",Prod.อุดรธานี,ZZP6,FC เมืองเลย2 (Type N),N,เลย
"90000145",RMC Northeast,"00014243",Northeast 2,"00014246",Prod.อุดรธานี,ZZP8,FC หนองเรือ (Type X2),X,ขอนแก่น
"90000145",RMC Northeast,"00014248",Northeast 3,"00014242",Prod.สกลนคร,ZZP9,FC นครพนม3 (Type N),N,นครพนม
"90000145",RMC Northeast,"00014243",Northeast 2,"00014282",Prod.ขอนแก่น,ZZPB,โนนสมบูรณ์ 2,CPAC,ขอนแก่น
"90000145",RMC Northeast,"00014222",Northeast 1,"00014251",Prod.โคราช-หัวทะเล,ZZPM,เพชรมาตุคลา,CPAC,นครราชสีมา
"90000145",RMC Northeast,"00014222",Northeast 1,"00014251",Prod.โคราช-หัวทะเล,ZZPP,วังน้ำเขียว-อุดมทรัพย์,CPAC,นครราชสีมา
"90000145",RMC Northeast,"00014222",Northeast 1,"00014277",Prod.บุรีรัมย์,ZZQJ,ประโคนชัย 2,CPAC,บุรีรัมย์
"90000145",RMC Northeast,"00014243",Northeast 2,"00014246",Prod.อุดรธานี,ZZS1,FC ภูเวียง (Type N),N,ขอนแก่น
"90000145",RMC Northeast,"00014243",Northeast 2,"00014246",Prod.อุดรธานี,ZZS2,FC โนนศิลา (Type N),N,ขอนแก่น
"90000145",RMC Northeast,"00014243",Northeast 2,"00014246",Prod.อุดรธานี,ZZS4,FC อุดร - นาข่า  (Type N),N,อุดรธานี
"90000145",RMC Northeast,"00014243",Northeast 2,"00014246",Prod.อุดรธานี,ZZS5,FC อุดร - นิคมสงเคราะห์  (Type N),N,อุดรธานี
"90000145",RMC Northeast,"00014243",Northeast 2,"00014246",Prod.อุดรธานี,ZZTA,FC โนนสะอาด (Type X2),X,อุดรธานี
"90000144",RMC North,"00014803",North 1,"00014919",Prod.เชียงใหม่2,ZZUB,ลำพูน-บ้านธิ,CPAC,ลำพูน
"90000144",RMC North,"00014804",North 2,"00014898",Prod.เชียงราย,ZZUC,พะเยา 2,CPAC,พะเยา
"90000144",RMC North,"00014803",North 1,"00014864",Prod.เชียงใหม่1,ZZUG,เชียงใหม่-ดอยสะเก็ด,CPAC,เชียงใหม่
"90000144",RMC North,"00014806",North 3,"00014988",Prod.พิษณุโลก,ZZUH,สุโขทัย-ศรีสำโรง,CPAC,สุโขทัย
"90000144",RMC North,"00014803",North 1,"00014919",Prod.เชียงใหม่2,ZZUJ,เชียงใหม่-ดอยหล่อ,CPAC,เชียงใหม่
"90000144",RMC North,"00014803",North 1,"00014864",Prod.เชียงใหม่1,ZZUQ,เชียงใหม่-สันทราย,CPAC,เชียงใหม่
